imdb_id,moviedb_id
tt0011181,481711
tt0015217,277352
tt0015493,143534
tt0015500,186429
tt0015508,293691
tt0015881,1405
tt0016246,399711
tt0018908,104485
tt0019765,305571
tt0019798,105852
tt0020135,89987
tt0021420,169326
tt0022614,118731
tt0022674,296615
tt0022685,73125
tt0022689,92341
tt0022938,89973
tt0022990,86087
tt0023013,85614
tt0023066,196691
tt0023142,108666
tt0023151,98398
tt0023238,1994
tt0023335,27114
tt0023406,117996
tt0023407,159216
tt0023507,113080
tt0023545,96503
tt0023582,91181
tt0023684,186932
tt0023686,56724
tt0023720,246299
tt0027545,22440
tt0028144,204799
tt0031466,184955
tt0034033,250134
tt0034402,386984
tt0035423,11232
tt0038988,27033
tt0039482,27035
tt0039636,82101
tt0039689,678
tt0040626,18703
tt0040949,131472
tt0041239,25918
tt0041587,45578
tt0042509,68443
tt0043153,34623
tt0043276,43562
tt0043338,25364
tt0043465,20853
tt0044391,32499
tt0044419,43367
tt0044420,43368
tt0046466,465041
tt0048092,62742
tt0048279,113939
tt0048500,43322
tt0048554,40761
tt0048696,9077
tt0048825,465051
tt0048971,80775
tt0049212,187534
tt0049547,187533
tt0049555,84528
tt0049793,111942
tt0050229,170175
tt0050363,150157
tt0050603,453110
tt0050650,116780
tt0050900,258040
tt0051007,174987
tt0051206,84529
tt0051207,22527
tt0051349,112672
tt0051500,172237
tt0051840,130134
tt0052357,426
tt0052419,465054
tt0053019,270728
tt0053125,213
tt0054033,24452
tt0054215,539
tt0054348,175948
tt0054392,219080
tt0054475,84210
tt0055858,42999
tt0056371,42788
tt0056869,571
tt0057582,356002
tt0057827,172532
tt0058150,658
tt0058329,506
tt0058480,78786
tt0058754,4999
tt0059274,24395
tt0059575,20540
tt0059800,660
tt0060207,339378
tt0060268,4772
tt0060414,70498
tt0060472,20379
tt0060660,151043
tt0060777,57879
tt0060955,20620
tt0061107,5780
tt0061516,66798
tt0061523,2984
tt0061983,196439
tt0062185,3547
tt0062395,22694
tt0062424,126415
tt0062512,667
tt0062630,260896
tt0062636,76851
tt0062712,98273
tt0062776,46498
tt0062807,54875
tt0062870,72309
tt0062915,102953
tt0063014,274846
tt0063032,9028
tt0063414,42631
tt0063522,805
tt0063568,83122
tt0063592,39209
tt0063801,42687
tt0063979,133941
tt0064019,49456
tt0064087,110528
tt0064116,335
tt0064237,95083
tt0064247,212622
tt0064273,77165
tt0064728,46495
tt0064789,28287
tt0064796,228902
tt0064866,42617
tt0064870,130397
tt0065019,64650
tt0065112,2370
tt0065413,125758
tt0065454,2393
tt0065460,122967
tt0065569,5620
tt0065571,8416
tt0065616,99802
tt0065757,92296
tt0065784,148429
tt0065832,5227
tt0065975,221660
tt0066008,252868
tt0066011,9062
tt0066083,199135
tt0066090,42345
tt0066132,49130
tt0066210,109456
tt0066240,66055
tt0066260,140638
tt0066413,42595
tt0066767,30941
tt0066814,88402
tt0066827,27439
tt0066835,90468
tt0066995,681
tt0067011,150226
tt0067315,8063
tt0067354,150677
tt0067372,11316
tt0067395,90812
tt0067512,71998
tt0067804,92293
tt0067901,379617
tt0067931,90541
tt0067989,42531
tt0068176,74817
tt0068178,196253
tt0068182,2000
tt0068236,121017
tt0068509,57215
tt0068588,92307
tt0068611,573
tt0068642,242920
tt0068660,219380
tt0068828,23148
tt0068991,4747
tt0069007,42526
tt0069184,90538
tt0069237,57539
tt0069419,4792
tt0069460,62363
tt0069466,102699
tt0069495,6949
tt0069797,107331
tt0069967,4680
tt0070057,65883
tt0070090,4073
tt0070183,103314
tt0070334,1847
tt0070468,32615
tt0070510,11293
tt0070746,29850
tt0070794,92299
tt0070849,1643
tt0070903,10236
tt0070948,4923
tt0071360,592
tt0071877,4176
tt0071974,4146
tt0072102,309851
tt0072136,29854
tt0072173,151141
tt0072204,61296
tt0072249,119364
tt0072353,4031
tt0072368,42454
tt0072684,3175
tt0073196,4580
tt0073335,3554
tt0073341,983
tt0073453,32042
tt0073685,78267
tt0073691,50237
tt0073796,70627
tt0073906,14815
tt0074084,3870
tt0074112,147157
tt0074184,64983
tt0074190,65719
tt0074207,42243
tt0074509,319041
tt0074512,5854
tt0074883,46978
tt0074962,86133
tt0074963,31913
tt0074964,104364
tt0075130,287473
tt0075147,10786
tt0075268,5228
tt0075357,114255
tt0075364,3935
tt0075799,64133
tt0075848,42200
tt0075946,4162
tt0076316,198511
tt0076474,65536
tt0076582,44805
tt0076674,142984
tt0076780,5731
tt0076886,357864
tt0077147,16378
tt0077324,70867
tt0077474,2153
tt0077549,63435
tt0077734,74080
tt0077742,15867
tt0077807,20863
tt0077928,11327
tt0078024,163631
tt0078122,4267
tt0078338,63577
tt0078346,1924
tt0078678,150929
tt0078718,17443
tt0078913,38438
tt0078968,445534
tt0079013,62001
tt0079240,11583
tt0079495,30636
tt0079501,9659
tt0079510,42176
tt0079540,14035
tt0079550,40160
tt0079583,49036
tt0079858,23050
tt0080001,169566
tt0080009,11121
tt0080024,31179
tt0080097,163907
tt0080344,325242
tt0080392,247426
tt0080474,1623
tt0080513,60591
tt0080526,281284
tt0080536,101974
tt0080684,1891
tt0080754,31603
tt0080891,38650
tt0080947,79365
tt0081076,39415
tt0081176,39543
tt0081316,215099
tt0081633,36819
tt0081748,13005
tt0082040,262992
tt0082118,24124
tt0082198,9387
tt0082432,11646
tt0082476,107028
tt0082487,276509
tt0082497,42149
tt0082512,468918
tt0082615,99336
tt0082694,8810
tt0082719,250155
tt0082817,21610
tt0082869,10540
tt0082969,96966
tt0083033,20472
tt0083099,84735
tt0083169,10627
tt0083557,38849
tt0083591,43279
tt0083634,49099
tt0083852,275215
tt0083947,89571
tt0083967,3526
tt0084274,66183
tt0084412,14742
tt0084477,72340
tt0084648,59533
tt0084704,76395
tt0084750,30584
tt0084757,279798
tt0084813,42144
tt0084920,31661
tt0085210,13633
tt0085350,80267
tt0085363,19809
tt0085733,79678
tt0085857,253138
tt0085892,29610
tt0085908,252895
tt0085970,13105
tt0086006,36670
tt0086190,1892
tt0086200,9346
tt0086292,201859
tt0086307,328209
tt0086336,24808
tt0086355,30707
tt0086387,187951
tt0086405,266331
tt0086465,1621
tt0087068,138595
tt0087078,9610
tt0087096,87235
tt0087231,26578
tt0087247,18680
tt0087260,5508
tt0087332,620
tt0087386,91767
tt0087482,47874
tt0087629,32088
tt0087800,377
tt0087810,44772
tt0087817,52826
tt0087932,32081
tt0087980,24453
tt0088073,291741
tt0088211,297653
tt0088242,31601
tt0088247,218
tt0088261,358091
tt0088273,187606
tt0088594,266312
tt0088693,34573
tt0088750,358084
tt0088870,72824
tt0088931,42048
tt0088944,10999
tt0088961,58903
tt0089015,294
tt0089111,153076
tt0089139,139096
tt0089218,9340
tt0089436,150839
tt0089470,15982
tt0089514,303648
tt0089555,87400
tt0089730,19064
tt0089839,17824
tt0089853,10849
tt0089893,9626
tt0089911,160348
tt0089941,11893
tt0090151,64945
tt0090568,20858
tt0090638,36486
tt0090670,13715
tt0090878,134399
tt0090881,56705
tt0090974,168852
tt0091042,9377
tt0091203,8009
tt0091419,10776
tt0091605,192
tt0091621,27408
tt0091642,65326
tt0091651,28198
tt0091665,218338
tt0091681,86662
tt0091738,10013
tt0091757,11483
tt0091763,792
tt0091828,2099
tt0091844,71741
tt0091857,281447
tt0091934,58048
tt0091972,144835
tt0092022,42026
tt0092067,10515
tt0092085,35371
tt0092122,110175
tt0092159,48841
tt0092214,29355
tt0092225,41090
tt0092240,10017
tt0092527,282040
tt0092798,31563
tt0092847,112518
tt0092965,10110
tt0092972,29445
tt0093021,269487
tt0093042,362228
tt0093389,746
tt0093390,279017
tt0093405,24828
tt0093432,237549
tt0093543,14499
tt0093638,34379
tt0093658,169832
tt0093737,17258
tt0093773,106
tt0093782,291673
tt0093894,865
tt0093940,22477
tt0094056,60631
tt0094138,13339
tt0094140,116064
tt0094154,50551
tt0094169,78146
tt0094291,10673
tt0094445,221082
tt0094602,9395
tt0094663,22478
tt0094721,4011
tt0094744,30502
tt0094747,24679
tt0094888,11513
tt0094894,10126
tt0094908,91580
tt0095082,13554
tt0095225,148654
tt0095415,68752
tt0095593,2321
tt0095607,34870
tt0095613,107569
tt0095678,114691
tt0095722,112019
tt0095792,215102
tt0095897,11851
tt0095930,79397
tt0095963,9604
tt0095988,368204
tt0096003,58434
tt0096061,9647
tt0096094,12714
tt0096219,10132
tt0096279,215100
tt0096316,28176
tt0096320,9493
tt0096463,3525
tt0096487,11967
tt0096875,32924
tt0096895,268
tt0096913,238751
tt0096921,92331
tt0096923,120085
tt0096951,135643
tt0096978,47070
tt0097027,10142
tt0097044,3064
tt0097115,43912
tt0097142,21291
tt0097184,180268
tt0097191,116975
tt0097214,357121
tt0097243,32075
tt0097257,2210
tt0097358,163766
tt0097428,2978
tt0097438,1380
tt0097457,11465
tt0097493,2640
tt0097499,10705
tt0097503,56669
tt0097576,89
tt0097631,102407
tt0097770,9972
tt0097815,9942
tt0097882,133110
tt0097960,224269
tt0098052,62734
tt0098073,37146
tt0098230,24254
tt0098260,32261
tt0098282,11185
tt0098308,47045
tt0098335,63701
tt0098352,65575
tt0098435,199762
tt0098465,41973
tt0098625,5971
tt0098663,183
tt0098983,42292
tt0099012,8217
tt0099026,79509
tt0099041,137112
tt0099136,54833
tt0099160,9491
tt0099242,86763
tt0099329,9768
tt0099357,27056
tt0099405,167252
tt0099530,293778
tt0099538,211339
tt0099587,18886
tt0099615,10168
tt0099654,10485
tt0099739,9569
tt0099740,11309
tt0099742,29808
tt0099762,17993
tt0099810,1669
tt0099938,951
tt0099939,9558
tt0100003,123771
tt0100031,95730
tt0100057,215108
tt0100114,10173
tt0100122,279679
tt0100135,10169
tt0100143,14931
tt0100168,41823
tt0100192,45265
tt0100229,433762
tt0100232,427910
tt0100403,169
tt0100436,8428
tt0100449,10729
tt0100486,38718
tt0100514,6723
tt0100519,18971
tt0100530,10170
tt0100594,24016
tt0100606,26426
tt0100685,1662
tt0100708,123781
tt0100740,20701
tt0100802,861
tt0100813,26612
tt0100921,374449
tt0100975,55952
tt0100994,9086
tt0101501,54843
tt0101507,650
tt0101524,42570
tt0101531,28553
tt0101544,346737
tt0101587,1406
tt0101666,68199
tt0101740,105293
tt0101793,246900
tt0101835,213755
tt0101836,213756
tt0101837,213758
tt0101838,213757
tt0101840,119149
tt0101854,260328
tt0101902,25221
tt0101917,11284
tt0101984,22423
tt0101997,121032
tt0102005,2453
tt0102032,22792
tt0102034,8010
tt0102059,9595
tt0102116,25598
tt0102128,68390
tt0102138,820
tt0102175,1713
tt0102303,6524
tt0102329,215130
tt0102411,31633
tt0102460,21219
tt0102485,45888
tt0102493,122937
tt0102526,10952
tt0102614,14362
tt0102661,92931
tt0102685,1089
tt0102691,79927
tt0102749,41780
tt0102761,115201
tt0102798,8367
tt0102975,174
tt0103064,280
tt0103193,215123
tt0103241,10276
tt0103263,234944
tt0103670,7015
tt0103673,102203
tt0103696,49292
tt0103804,222346
tt0103805,18631
tt0103874,6114
tt0103897,266196
tt0103920,127741
tt0103961,55596
tt0103962,41682
tt0103963,252236
tt0104006,37753
tt0104118,22795
tt0104142,12447
tt0104155,5237
tt0104254,13225
tt0104257,881
tt0104265,4823
tt0104311,215131
tt0104346,16219
tt0104348,9504
tt0104356,261601
tt0104431,772
tt0104522,33221
tt0104647,14603
tt0104732,340036
tt0104766,29096
tt0104779,10497
tt0104805,223691
tt0104812,36709
tt0104839,9096
tt0104864,108424
tt0104870,87321
tt0104942,279692
tt0104990,15300
tt0104997,191534
tt0105104,10538
tt0105109,123935
tt0105128,10906
tt0105151,10403
tt0105165,2613
tt0105343,303432
tt0105450,23196
tt0105690,8845
tt0105789,61418
tt0105809,61265
tt0105810,17736
tt0105812,10158
tt0105813,19380
tt0105885,70489
tt0106175,70859
tt0106244,38160
tt0106307,11044
tt0106386,41598
tt0106387,4104
tt0106393,32049
tt0106455,22213
tt0106464,76264
tt0106479,62039
tt0106519,6075
tt0106662,148667
tt0106673,11566
tt0106676,47945
tt0106684,33927
tt0106697,9739
tt0106728,280736
tt0106732,256880
tt0106877,65137
tt0106918,37233
tt0107048,137
tt0107079,39349
tt0107091,12187
tt0107096,31642
tt0107110,426626
tt0107130,78133
tt0107144,9255
tt0107146,70912
tt0107210,57766
tt0107282,19931
tt0107286,6
tt0107362,9593
tt0107426,1689
tt0107452,215133
tt0107473,10433
tt0107492,41660
tt0107497,2246
tt0107519,128644
tt0107563,11244
tt0107606,41587
tt0107659,9644
tt0107685,41661
tt0107824,40881
tt0107895,77064
tt0107969,7007
tt0107983,2088
tt0107985,21845
tt0108142,29810
tt0108238,11074
tt0108243,281583
tt0108265,10419
tt0108333,10057
tt0108399,319
tt0108451,26333
tt0108505,180802
tt0108521,131079
tt0108550,1587
tt0109033,27524
tt0109040,3049
tt0109047,39683
tt0109287,13962
tt0109303,178
tt0109327,14237
tt0109402,10694
tt0109403,24405
tt0109454,41580
tt0109479,109551
tt0109500,318473
tt0109579,10531
tt0109650,38641
tt0109676,4954
tt0109686,8467
tt0109707,522
tt0109765,26937
tt0109776,299711
tt0109778,84484
tt0109890,2087
tt0109920,41006
tt0109936,12778
tt0110094,160718
tt0110116,13701
tt0110123,12475
tt0110148,628
tt0110157,24767
tt0110167,10660
tt0110197,31643
tt0110216,6280
tt0110307,20333
tt0110353,22317
tt0110365,47504
tt0110366,10897
tt0110367,9587
tt0110413,101
tt0110425,197537
tt0110442,11067
tt0110475,854
tt0110612,10486
tt0110632,241
tt0110649,41588
tt0110725,9624
tt0110803,73109
tt0110891,48791
tt0110907,3586
tt0110912,680
tt0110917,19223
tt0110944,10448
tt0110950,2788
tt0110955,10872
tt0110966,107342
tt0110971,11858
tt0110999,106968
tt0111143,8850
tt0111323,17585
tt0111353,159072
tt0111400,9057
tt0111477,23719
tt0111503,36955
tt0111670,179165
tt0111693,10449
tt0111868,59970
tt0112281,9273
tt0112286,139405
tt0112366,51191
tt0112442,9737
tt0112461,10474
tt0112462,414
tt0112541,5894
tt0112654,94771
tt0112700,322590
tt0112744,27526
tt0112817,922
tt0112818,687
tt0112857,8512
tt0112883,1909
tt0112945,58058
tt0112966,10612
tt0113002,82663
tt0113014,28732
tt0113017,116789
tt0113145,47119
tt0113211,46732
tt0113347,11861
tt0113362,11876
tt0113376,44470
tt0113490,61548
tt0113501,9061
tt0113552,6071
tt0113627,451
tt0113675,272357
tt0113691,28313
tt0113755,40490
tt0113845,11517
tt0113849,41007
tt0113870,8438
tt0113972,2086
tt0114037,82656
tt0114069,6950
tt0114148,10530
tt0114272,35196
tt0114345,10533
tt0114369,807
tt0114375,209892
tt0114478,10149
tt0114534,139408
tt0114558,281
tt0114565,133021
tt0114571,28033
tt0114594,20306
tt0114654,348547
tt0114660,400
tt0114682,9090
tt0114731,71207
tt0114745,31894
tt0114753,40628
tt0114781,3512
tt0114814,629
tt0114846,45926
tt0114885,31357
tt0115495,8744
tt0115509,19042
tt0115528,290521
tt0115530,31546
tt0115535,52263
tt0115571,10547
tt0115580,11112
tt0115632,549
tt0115639,9283
tt0115644,20927
tt0115645,43566
tt0115697,13997
tt0115725,3587
tt0115750,61382
tt0115759,9208
tt0115781,14469
tt0115837,36447
tt0115858,133925
tt0115986,10546
tt0116055,216791
tt0116168,11107
tt0116191,3573
tt0116209,409
tt0116213,9268
tt0116250,8818
tt0116253,2320
tt0116269,47502
tt0116277,9566
tt0116287,10543
tt0116299,135482
tt0116361,11229
tt0116393,142012
tt0116410,31908
tt0116421,9625
tt0116477,10549
tt0116508,36915
tt0116592,45565
tt0116654,9306
tt0116669,7095
tt0116684,47333
tt0116695,9390
tt0116711,384519
tt0116731,9623
tt0116778,11543
tt0116823,34170
tt0116833,63564
tt0116914,461906
tt0116922,638
tt0116977,104619
tt0117003,153879
tt0117096,158750
tt0117283,23570
tt0117318,1630
tt0117351,40089
tt0117364,36758
tt0117433,114936
tt0117451,104196
tt0117500,9802
tt0117582,47199
tt0117705,2300
tt0117737,14553
tt0117738,12821
tt0117742,292044
tt0117913,1645
tt0118044,48862
tt0118531,6072
tt0118571,9772
tt0118636,9445
tt0118655,816
tt0118670,71456
tt0118686,37613
tt0118749,4995
tt0118768,9956
tt0118789,9464
tt0118870,119213
tt0118880,1701
tt0118885,207644
tt0118897,134048
tt0118993,61183
tt0119008,9366
tt0119013,9405
tt0119025,150329
tt0119116,18
tt0119123,14289
tt0119174,2649
tt0119210,10871
tt0119215,14817
tt0119244,281556
tt0119318,274146
tt0119327,32332
tt0119423,70506
tt0119429,100196
tt0119461,44232
tt0119488,2118
tt0119520,108124
tt0119521,43911
tt0119528,1624
tt0119555,166897
tt0119576,18167
tt0119581,55139
tt0119592,9770
tt0119631,258317
tt0119665,30950
tt0119668,8197
tt0119692,126152
tt0119695,9416
tt0119731,9415
tt0119822,2898
tt0119832,12616
tt0119903,55670
tt0119937,26306
tt0119951,9403
tt0119978,11975
tt0120004,11015
tt0120039,125294
tt0120070,2042
tt0120107,38153
tt0120157,9425
tt0120184,10153
tt0120366,31465
tt0120382,37165
tt0120399,10155
tt0120483,9414
tt0120531,58680
tt0120533,9466
tt0120537,301967
tt0120570,30983
tt0120577,3682
tt0120586,73
tt0120587,8916
tt0120601,492
tt0120609,9448
tt0120611,36647
tt0120632,795
tt0120660,9798
tt0120669,1878
tt0120678,30712
tt0120681,768
tt0120696,11258
tt0120737,120
tt0120738,2157
tt0120744,9313
tt0120757,16379
tt0120768,9631
tt0120786,6058
tt0120800,18937
tt0120812,2109
tt0120815,857
tt0120823,28134
tt0120824,6440
tt0120832,8688
tt0120863,8741
tt0120873,11808
tt0120879,1808
tt0120885,586
tt0120889,12159
tt0120890,617
tt0120903,36657
tt0120906,16148
tt0121164,3933
tt0121744,32215
tt0124179,32456
tt0124198,10029
tt0124879,22796
tt0124901,9812
tt0125664,1850
tt0125931,425984
tt0126604,11855
tt0127489,235776
tt0127901,373853
tt0128037,79679
tt0128278,12117
tt0128445,11545
tt0130179,55679
tt0130192,43913
tt0131502,1711
tt0131656,292552
tt0132164,123455
tt0132347,9824
tt0133152,869
tt0133385,9564
tt0133412,18621
tt0133985,17263
tt0133987,293357
tt0134273,8224
tt0137146,291539
tt0137523,550
tt0138304,2900
tt0138451,311532
tt0139056,278977
tt0139606,68551
tt0139630,185392
tt0140627,253077
tt0142192,9455
tt0142231,125582
tt0142688,622
tt0144039,30922
tt0145660,817
tt0146336,9877
tt0146838,9563
tt0147995,76790
tt0149723,44297
tt0150176,25896
tt0150216,32274
tt0151137,10047
tt0153464,47724
tt0153882,64920
tt0155726,370777
tt0155776,18892
tt0156240,336542
tt0157079,144554
tt0157697,11771
tt0157992,219152
tt0158049,61679
tt0158371,9684
tt0158409,16365
tt0159365,2289
tt0159404,219305
tt0159446,317551
tt0160009,11398
tt0160127,4327
tt0160399,4965
tt0161088,281622
tt0162661,2668
tt0162984,180907
tt0163016,239087
tt0163026,252281
tt0163126,386149
tt0163579,2162
tt0163988,8649
tt0164003,31932
tt0164018,68124
tt0164052,9383
tt0164961,9597
tt0165361,18808
tt0165384,41160
tt0165477,158431
tt0165710,9781
tt0165832,20312
tt0165846,67296
tt0165874,17198
tt0165928,44735
tt0166286,384156
tt0167117,290672
tt0167250,177085
tt0167260,122
tt0167261,121
tt0167360,61473
tt0167423,35118
tt0167565,4548
tt0167762,292276
tt0167837,123004
tt0167880,301374
tt0168122,3293
tt0169376,127088
tt0170224,465018
tt0170452,201724
tt0171359,10688
tt0172156,8961
tt0172493,3558
tt0173498,57356
tt0173616,336878
tt0174027,329706
tt0174398,294148
tt0175047,56125
tt0175142,4247
tt0175997,79954
tt0176426,30946
tt0177650,44412
tt0177971,2133
tt0178050,117262
tt0179098,31005
tt0179641,63172
tt0179757,42141
tt0180093,641
tt0180596,465190
tt0181739,12610
tt0181769,65278
tt0181836,29015
tt0181978,62009
tt0182000,25208
tt0182928,88734
tt0183113,254319
tt0183505,2123
tt0185307,60486
tt0185906,331214
tt0186654,10704
tt0187078,9679
tt0187781,48279
tt0189810,105468
tt0190861,7093
tt0191133,22309
tt0191610,162383
tt0191655,98431
tt0191663,108862
tt0192071,10050
tt0193560,13503
tt0195630,111014
tt0196158,31002
tt0196216,10569
tt0196857,20761
tt0197072,64125
tt0199129,70282
tt0199232,2331
tt0200027,11091
tt0200245,42446
tt0200550,6282
tt0201584,280744
tt0202470,12508
tt0203503,58049
tt0204137,9791
tt0205836,58410
tt0206251,108534
tt0206917,29572
tt0207798,416145
tt0208196,22230
tt0208988,10461
tt0210382,13526
tt0211181,10481
tt0211409,153609
tt0211900,48328
tt0212985,9740
tt0213073,274633
tt0213790,16888
tt0214646,381746
tt0214698,85411
tt0214961,200314
tt0215516,48345
tt0216487,35216
tt0217363,135855
tt0217505,3131
tt0217621,197357
tt0218390,297807
tt0218967,5994
tt0219400,21118
tt0219653,10577
tt0220506,11442
tt0221395,427772
tt0221479,259636
tt0225573,111244
tt0227445,11371
tt0227538,10054
tt0230534,193380
tt0230600,1933
tt0231775,16300
tt0233657,20004
tt0237995,413956
tt0238064,114761
tt0239641,10706
tt0240515,13166
tt0240659,61217
tt0240804,318602
tt0242084,154080
tt0242445,10877
tt0242508,27451
tt0242798,43988
tt0243493,11444
tt0243575,16435
tt0243585,10996
tt0243862,112
tt0243927,60432
tt0245247,286396
tt0245356,61016
tt0246677,10575
tt0246890,97696
tt0247196,5001
tt0247427,40624
tt0248612,475315
tt0250223,2899
tt0250617,55249
tt0250687,9896
tt0250934,20536
tt0251156,24665
tt0251160,8470
tt0251582,65416
tt0253114,60458
tt0253474,423
tt0253754,201
tt0253840,35337
tt0254199,27834
tt0254235,58509
tt0255132,405806
tt0256524,2779
tt0257106,4248
tt0257721,331146
tt0258000,4547
tt0258100,14923
tt0259324,1250
tt0259929,35257
tt0261450,240200
tt0261823,402883
tt0263215,28311
tt0263757,14926
tt0264150,11523
tt0264710,113609
tt0265632,19405
tt0266489,7288
tt0266697,24
tt0266915,5175
tt0268995,11086
tt0270288,4912
tt0270707,13440
tt0270980,2830
tt0271454,81748
tt0271668,11078
tt0272127,172422
tt0273517,11056
tt0273689,12777
tt0273790,43709
tt0274711,11458
tt0275692,23603
tt0276816,12590
tt0276919,553
tt0277027,10950
tt0278295,13950
tt0278823,9689
tt0279493,12277
tt0279750,74217
tt0280665,9280
tt0280754,25320
tt0280778,11889
tt0281373,11888
tt0281924,36561
tt0283003,12079
tt0283452,98250
tt0283537,55048
tt0284971,123182
tt0285112,41548
tt0285462,9557
tt0285727,38901
tt0285823,1428
tt0286098,16321
tt0286162,39541
tt0287717,9488
tt0287795,134383
tt0288073,54712
tt0289616,316212
tt0289668,38866
tt0289765,9533
tt0290002,693
tt0290192,465176
tt0290212,15186
tt0290218,79463
tt0290230,44546
tt0290334,36658
tt0291311,23471
tt0293555,168760
tt0293564,5174
tt0294279,79031
tt0296682,111147
tt0297162,10167
tt0299135,153273
tt0299172,13700
tt0299658,1574
tt0299712,137749
tt0302346,60989
tt0302531,133831
tt0303111,464654
tt0304141,673
tt0305633,62709
tt0305858,61393
tt0305966,443971
tt0305973,28028
tt0307466,37946
tt0307987,10147
tt0308353,5393
tt0308383,10922
tt0308644,866
tt0308672,85472
tt0309377,9573
tt0309987,1278
tt0310181,206122
tt0310910,10743
tt0311110,31459
tt0311113,8619
tt0312700,18248
tt0313542,11329
tt0313737,2642
tt0313792,10739
tt0315323,215361
tt0315327,310
tt0315398,31066
tt0315431,46268
tt0315733,470
tt0316465,13920
tt0316768,8325
tt0317219,920
tt0317740,9654
tt0318742,79591
tt0318908,106121
tt0319343,10719
tt0320244,1415
tt0320689,385072
tt0322659,32235
tt0323531,30806
tt0323849,124815
tt0324952,49481
tt0325596,11588
tt0325803,165343
tt0325805,7270
tt0325980,22
tt0326976,52088
tt0327056,322
tt0327643,18189
tt0327679,14442
tt0328107,9509
tt0328802,1926
tt0329374,22643
tt0330152,30768
tt0330373,674
tt0333467,335035
tt0335266,153
tt0335345,615
tt0335438,9384
tt0337692,83770
tt0337741,6964
tt0337851,56427
tt0337887,45833
tt0338013,38
tt0338159,74494
tt0338459,12279
tt0338497,67373
tt0339291,11774
tt0339412,16232
tt0339593,62016
tt0339918,27674
tt0341334,352128
tt0342213,25783
tt0342272,10913
tt0343095,14883
tt0343746,312355
tt0343996,9700
tt0344303,454330
tt0344777,43210
tt0346491,1966
tt0346971,93782
tt0348150,1452
tt0349080,16048
tt0350373,178375
tt0352426,71769
tt0353324,16456
tt0356076,275521
tt0356634,8920
tt0357474,12542
tt0358135,4380
tt0358294,24546
tt0361596,1777
tt0361805,18866
tt0361852,75252
tt0362120,4257
tt0362270,421
tt0363988,1586
tt0364961,842
tt0367479,10589
tt0367594,118
tt0368008,14462
tt0368891,2059
tt0373889,675
tt0374201,75468
tt0374286,27076
tt0375568,16577
tt0375920,7548
tt0376105,6439
tt0376994,36668
tt0377100,36272
tt0377184,142027
tt0377471,4551
tt0378109,11968
tt0378194,393
tt0378947,9688
tt0379217,883
tt0379240,19059
tt0380248,183043
tt0380510,7980
tt0380599,257
tt0380615,33823
tt0381270,14653
tt0381505,14166
tt0383010,76489
tt0383139,143998
tt0383574,58
tt0384680,6963
tt0384700,281710
tt0387925,34672
tt0389721,19294
tt0395616,61861
tt0395669,31389
tt0396171,1427
tt0396857,9921
tt0398913,9053
tt0399085,215356
tt0399201,1635
tt0403004,95578
tt0404225,41628
tt0405159,70
tt0406661,47336
tt0408236,13885
tt0410097,10476
tt0411270,1553
tt0412019,308
tt0412886,317772
tt0414161,30402
tt0415201,118894
tt0415949,21014
tt0416212,12837
tt0416243,14180
tt0417217,9910
tt0418279,1858
tt0418689,3683
tt0419663,44250
tt0419781,81844
tt0420223,1262
tt0420238,10199
tt0421054,9923
tt0423294,9408
tt0424993,9794
tt0425061,11665
tt0425151,18869
tt0425624,8985
tt0426616,75946
tt0427944,9388
tt0429589,9906
tt0430922,15373
tt0431114,8382
tt0431124,261816
tt0431197,4349
tt0432283,10315
tt0433771,24615
tt0435635,59923
tt0435651,227156
tt0435705,1738
tt0435770,24648
tt0436339,19585
tt0438076,178614
tt0439544,10598
tt0439876,25973
tt0441773,9502
tt0443450,18070
tt0445990,11652
tt0446313,18816
tt0447999,10026
tt0448011,13811
tt0449061,7515
tt0449088,285
tt0450259,1372
tt0450345,9708
tt0451079,12222
tt0452573,124673
tt0452598,9641
tt0454876,87827
tt0455499,9513
tt0457419,2284
tt0457495,9978
tt0457513,512
tt0457939,1581
tt0458481,189
tt0458525,2080
tt0460925,19033
tt0461471,90114
tt0462200,7874
tt0462244,14144
tt0462540,5524
tt0464154,43593
tt0465234,6637
tt0466342,10073
tt0467197,13051
tt0468520,31456
tt0468569,155
tt0469641,1852
tt0470732,38163
tt0472043,1579
tt0473333,12677
tt0473435,35715
tt0473488,8194
tt0475298,15423
tt0477051,9757
tt0477348,6977
tt0478134,6973
tt0478197,57406
tt0478210,16053
tt0479948,17954
tt0479997,23047
tt0480461,20558
tt0480516,58796
tt0481369,3594
tt0481499,49519
tt0482461,44594
tt0484382,7298
tt0485061,202960
tt0485288,34728
tt0486560,288122
tt0487195,16700
tt0488539,12486
tt0489049,13532
tt0490075,171688
tt0490084,1257
tt0490196,30139
tt0490240,10121
tt0493386,140236
tt0494652,13490
tt0495813,288292
tt0497353,31088
tt0498380,1251
tt0498399,2001
tt0499516,24479
tt0500100,286500
tt0500148,331372
tt0500149,269535
tt0756632,57854
tt0762125,16866
tt0765429,4982
tt0765446,68179
tt0765476,11260
tt0770752,8676
tt0770772,14434
tt0773306,35714
tt0775488,15156
tt0783238,13551
tt0783501,16207
tt0787411,215369
tt0790628,124459
tt0790804,10759
tt0795438,14834
tt0798817,44982
tt0802821,45387
tt0805619,34734
tt0806147,15544
tt0808399,12572
tt0808435,25781
tt0814022,13184
tt0816692,157336
tt0817538,8457
tt0817545,161321
tt0818577,316455
tt0820142,19595
tt0822854,7485
tt0823154,55649
tt0823158,20085
tt0824747,3580
tt0825232,7350
tt0838221,4538
tt0839949,53659
tt0840361,23168
tt0842000,73236
tt0844471,22794
tt0844993,57089
tt0853127,46485
tt0862856,23202
tt0865554,17436
tt0875034,10197
tt0884732,252838
tt0887719,15017
tt0899167,347103
tt0900387,271674
tt0910885,286532
tt0926037,62726
tt0927619,24447
tt0929858,17081
tt0934446,63171
tt0938305,168027
tt0938666,24446
tt0949731,8645
tt0956186,311426
tt0959306,251994
tt0963966,27022
tt0970179,44826
tt0970411,13600
tt0970866,39451
tt0973844,36108
tt0974015,141052
tt0977214,16450
tt0985699,2253
tt0995845,97512
tt0999913,64639
tt1001562,15365
tt1003289,337559
tt1007032,29695
tt1007950,28704
tt1014759,12155
tt1014808,140122
tt1015976,14142
tt1019454,25405
tt1024648,68734
tt1032755,13809
tt1037705,20504
tt1041753,13578
tt1043904,112443
tt1045772,8952
tt1046947,16409
tt1047011,127370
tt1047832,15012
tt1054606,8054
tt1055369,8373
tt1057500,22954
tt1062161,35429
tt1067106,17979
tt1068680,10201
tt1071875,71676
tt1075747,20533
tt1091191,193756
tt1092026,39513
tt1092633,19905
tt1092634,38407
tt1093357,71469
tt1095217,11699
tt1100089,87492
tt1103255,43814
tt1105745,19402
tt1107319,70695
tt1109624,116149
tt1112125,253340
tt1117385,13012
tt1125849,12163
tt1126590,87093
tt1133995,15945
tt1135092,8284
tt1139111,39961
tt1139328,11439
tt1139668,13788
tt1148205,228034
tt1156398,19908
tt1156524,34158
tt1172991,44129
tt1172998,32007
tt1175491,10523
tt1175709,46503
tt1182350,38031
tt1190617,13948
tt1192384,38044
tt1194263,44718
tt1195478,72207
tt1196112,43734
tt1196609,325259
tt1196956,209361
tt1201167,20829
tt1201607,12445
tt1202521,59713
tt1205489,13223
tt1206086,27944
tt1206543,164457
tt1210039,41894
tt1210344,41550
tt1212419,44603
tt1212450,82633
tt1214962,74998
tt1220888,53172
tt1225822,12569
tt1226229,32823
tt1228705,10138
tt1229340,109443
tt1232200,87428
tt1234721,97020
tt1235200,45020
tt1239374,133241
tt1242548,65344
tt1243922,91395
tt1243939,78096
tt1245492,109414
tt1247704,31723
tt1250777,23483
tt1251757,38842
tt1253864,37958
tt1258154,44647
tt1258972,97430
tt1270798,49538
tt1272886,95755
tt1276419,88273
tt1285016,37799
tt1289437,20047
tt1290393,292381
tt1291580,119675
tt1294970,152790
tt1295085,22683
tt1302011,49444
tt1308729,70074
tt1308758,339201
tt1321511,87516
tt1321870,82682
tt1322269,152737
tt1323598,36566
tt1337103,57436
tt1337137,47426
tt1340800,49517
tt1341188,42888
tt1349451,79697
tt1351685,81005
tt1355683,261023
tt1356395,28904
tt1365483,54469
tt1368440,112090
tt1381404,87496
tt1381505,35221
tt1386697,297761
tt1392214,146233
tt1396218,58224
tt1396221,38753
tt1396226,121642
tt1399103,38356
tt1403865,44264
tt1408253,168530
tt1409024,41154
tt1411697,45243
tt1413495,115348
tt1423630,268887
tt1423894,46829
tt1424310,98567
tt1426329,77805
tt1430626,72197
tt1444284,108917
tt1455151,39413
tt1458175,43539
tt1462446,80905
tt1473121,59112
tt1473397,70585
tt1486185,49730
tt1486186,59982
tt1486861,49676
tt1487948,133202
tt1489889,302699
tt1490017,137106
tt1490785,297806
tt1494772,30061
tt1502404,47327
tt1502417,185497
tt1504320,45269
tt1512222,363890
tt1517451,332562
tt1517489,56288
tt1521848,51447
tt1535109,109424
tt1535970,63493
tt1536048,80591
tt1541160,62046
tt1543216,274061
tt1551641,75033
tt1552224,289720
tt1559036,80318
tt1559040,77957
tt1562849,82685
tt1595656,60281
tt1597522,99770
tt1606392,55725
tt1608290,329833
tt1615065,82525
tt1616195,88794
tt1621045,67660
tt1623288,77174
tt1631867,137113
tt1634003,153158
tt1634055,248401
tt1650554,59859
tt1652287,62522
tt1655420,75900
tt1656186,127493
tt1656190,72387
tt1657283,63710
tt1661382,64807
tt1663202,281957
tt1671494,77697
tt1673697,110146
tt1673734,233470
tt1674771,188222
tt1674776,119197
tt1674784,70578
tt1675161,132923
tt1678051,112304
tt1679335,136799
tt1682940,84907
tt1683526,74308
tt1686821,203739
tt1691012,52268
tt1691338,51888
tt1691920,75345
tt1692478,194967
tt1692486,72113
tt1693872,65945
tt1706598,258284
tt1707386,82695
tt1712261,146198
tt1723123,84262
tt1724597,394822
tt1726669,73567
tt1727824,424694
tt1731701,248574
tt1735907,274504
tt1736552,81867
tt1742044,209451
tt1742650,70868
tt1742683,65034
tt1745862,173153
tt1745958,93077
tt1747958,190955
tt1748122,83666
tt1753597,86709
tt1757678,83533
tt1764183,60599
tt1766094,93837
tt1772240,50357
tt1772264,207933
tt1776357,334668
tt1780762,123103
tt1780798,112454
tt1780983,117923
tt1791611,481359
tt1801061,119360
tt1801096,180679
tt1802529,257249
tt1826590,222899
tt1833835,171761
tt1836926,132457
tt1837709,137321
tt1841642,234212
tt1853728,68718
tt1877740,77261
tt1877832,127585
tt1883367,94365
tt1884414,105586
tt1885331,123235
tt1886651,82123
tt1891970,179192
tt1900920,221321
tt1901024,340674
tt1921111,133183
tt1925479,100544
tt1929310,366159
tt1931466,157919
tt1935231,327738
tt1937390,258216
tt1943014,157422
tt1946289,151826
tt1951261,109439
tt1956620,225886
tt1957867,135652
tt1959490,86834
tt1966594,93550
tt1967545,130150
tt1978567,132601
tt1985966,109451
tt1989593,84328
tt1990216,102629
tt2005151,308266
tt2005374,199373
tt2008562,70793
tt2009402,179242
tt2011311,199928
tt2014202,109500
tt2015381,118340
tt2015503,237690
tt2017020,77931
tt2024469,225574
tt2025690,300673
tt2039393,284536
tt2055790,167364
tt2058710,139367
tt2076777,309928
tt2083231,174645
tt2083355,146304
tt2083383,87825
tt2088923,86215
tt2090465,76812
tt2091256,268531
tt2095605,130267
tt2097298,228203
tt2101341,102362
tt2102497,471905
tt2103281,119450
tt2110388,235887
tt2119532,324786
tt2125501,282041
tt2132641,137880
tt2136759,112888
tt2140479,302946
tt2147225,312113
tt2166500,222299
tt2166616,158990
tt2166934,272160
tt2170439,227159
tt2179136,190859
tt2179936,271467
tt2190193,137200
tt2191805,88318
tt2195548,113148
tt2198241,241765
tt2201251,170752
tt2207090,204768
tt2210781,261768
tt2215457,224087
tt2216088,157447
tt2223990,200505
tt2226605,326268
tt2239832,184098
tt2241047,279205
tt2246673,189204
tt2258345,214030
tt2262315,339994
tt2267968,140300
tt2267998,210577
tt2268419,151933
tt2268573,196830
tt2275400,185368
tt2275743,401686
tt2277308,378029
tt2283362,353486
tt2284766,176339
tt2292707,38229
tt2304771,192136
tt2314824,259018
tt2316672,134801
tt2321195,244080
tt2321341,191137
tt2327191,187969
tt2334649,157354
tt2334879,117251
tt2339425,322236
tt2345759,282035
tt2346406,362998
tt2346480,315291
tt2354215,201759
tt2357129,115782
tt2361317,259695
tt2363449,171277
tt2364841,146238
tt2368908,257130
tt2370718,127853
tt2375844,334742
tt2381962,161782
tt2382009,249397
tt2382396,157847
tt2385189,369777
tt2385255,114755
tt2387433,145135
tt2388637,152748
tt2392846,185474
tt2396659,303886
tt2398249,180296
tt2401807,242310
tt2402179,193645
tt2402739,304376
tt2402927,258480
tt2404153,134461
tt2404425,304357
tt2405792,174319
tt2406252,197082
tt2409634,192160
tt2412746,179269
tt2442080,312152
tt2442384,227075
tt2449638,188924
tt2450056,345993
tt2452352,319966
tt2463512,209271
tt2465246,271703
tt2467046,218043
tt2483208,255278
tt2505294,271185
tt2511190,165013
tt2540136,383731
tt2545936,296371
tt2554786,395437
tt2559458,285844
tt2561572,257091
tt2563562,203591
tt2576852,149871
tt2578448,149922
tt2582502,254172
tt2584098,465231
tt2589070,247464
tt2637294,243938
tt2667918,259956
tt2709768,328111
tt2735292,323792
tt2752736,230273
tt2758890,197696
tt2771374,363962
tt2784678,284296
tt2788710,228967
tt2788716,284537
tt2796678,301748
tt2801364,472491
tt2814362,271331
tt2815030,235093
tt2825240,457402
tt2825924,220468
tt2835790,465864
tt2837574,429203
tt2852316,460275
tt2854894,227325
tt2869728,323675
tt2883434,253331
tt2883512,212778
tt2884018,225728
tt2899120,231646
tt2900182,315831
tt2927582,481369
tt2930770,230938
tt2940280,290556
tt2946498,291326
tt2946542,375656
tt2948606,335095
tt2975590,209112
tt2977110,276906
tt2978102,257440
tt2978716,219247
tt2981254,407460
tt3007512,256917
tt3014284,274862
tt3027644,339455
tt3027716,391486
tt3032282,360339
tt3040412,302695
tt3062074,248504
tt3064438,220709
tt3066808,340374
tt3078752,327894
tt3083008,271736
tt3095356,216527
tt3102924,373363
tt3103412,336167
tt3120960,323966
tt3125324,241771
tt3132244,363168
tt3145220,242083
tt3147284,454430
tt3155734,352988
tt3187094,414535
tt3188614,293093
tt3203606,294016
tt3203616,238215
tt3205394,313867
tt3208802,363805
tt3225318,428015
tt3230660,413452
tt3238528,479773
tt3247286,419917
tt3252786,337208
tt3263904,363676
tt3286560,287904
tt3289606,431640
tt3289804,308149
tt3289956,397243
tt3291148,323656
tt3291632,146834
tt3294746,331986
tt3300980,435577
tt3302706,286519
tt3307800,257118
tt3326880,331378
tt3353060,345874
tt3362238,460227
tt3384180,323788
tt3385516,246655
tt3387648,297608
tt3397754,253406
tt3414960,324283
tt3417854,346558
tt3455822,290802
tt3457508,324538
tt3481000,338107
tt3496372,322518
tt3504040,268457
tt3504226,327016
tt3512160,399504
tt3515632,359471
tt3519126,465180
tt3520216,397992
tt3520290,360387
tt3550902,346079
tt3568380,453664
tt3592904,412452
tt3595024,329227
tt3598196,352458
tt3605292,277239
tt3608848,267433
tt3620120,409361
tt3635788,419747
tt3667792,364690
tt3704298,300672
tt3749372,454623
tt3750872,340613
tt3760922,302688
tt3779300,348811
tt3799694,290250
tt3816372,287241
tt3824412,294132
tt3858372,323661
tt3859076,300693
tt3861212,254187
tt3861876,419022
tt3881768,322766
tt3889450,343018
tt3891538,464331
tt3918774,414687
tt3920572,353746
tt3960412,341012
tt3972110,402243
tt4034228,334541
tt4076980,321621
tt4089878,455639
tt4116284,324849
tt4120210,337107
tt4151192,353610
tt4172430,300671
tt4196450,339408
tt4202970,391561
tt4209788,396371
tt4224754,458414
tt4296254,323383
tt4334266,316154
tt4366830,348089
tt4382376,435580
tt4426464,416153
tt4456982,334645
tt4459156,445456
tt4469200,339344
tt4471212,350751
tt4513674,339397
tt4523928,364094
tt4589186,358725
tt4662420,352501
tt4664568,341105
tt4669252,339395
tt4676238,381351
tt4686844,402897
tt4693464,367284
tt4711724,470984
tt4743226,345934
tt4758646,354287
tt4776564,383140
tt4782290,390901
tt4818168,388256
tt4824316,483315
tt4831420,390989
tt4845940,426579
tt4846340,381284
tt4852128,312171
tt4912910,353081
tt4938602,359983
tt5037840,369560
tt5044656,383538
tt5050200,412467
tt5090564,424785
tt5116504,467432
tt5116896,426568
tt5129682,390584
tt5161658,385722
tt5175450,390061
tt5183500,464738
tt5189440,394262
tt5231798,382811
tt5252624,374515
tt5255524,398265
tt5259598,464850
tt5262792,444902
tt5278462,373348
tt5278464,373472
tt5287852,415005
tt5314190,433694
tt5321174,412540
tt5331258,393283
tt5451640,440345
tt5478746,433989
tt5495792,476070
tt5500464,412704
tt5533228,438747
tt5536736,396398
tt5622520,486472
tt5634336,479459
tt5637536,393209
tt5651050,398738
tt5651952,450492
tt5672286,471616
tt5724358,402558
tt5848714,435473
tt5870084,477359
tt5883570,431491
tt5893264,416051
tt5917552,433869
tt5929776,410718
tt5972780,428558
tt5981922,467910
tt6047298,440374
tt6052748,485046
tt6058136,461777
tt6063090,441183
tt6183834,427348
tt6236198,464723
tt6265828,428449
tt6292012,422500
tt6316138,472454
tt6324892,371744
tt6423776,431017
tt6428676,400157
tt6518270,446695
tt6565702,320288
tt6675400,454648
tt6678722,461637
tt6704974,478508
tt6736782,449674
tt6781982,454293
tt6802308,453201
tt6858948,485735
tt6874254,477016
tt6914708,487560
tt6932874,459151
tt6945882,457249
tt7008872,472451
tt7052494,474214
tt7069196,485034
tt7264080,470932
tt7349910,480100
