moviedb_id,imdb_id
57345,nm0309348
2,nm0000434
3,nm0000148
4,nm0000402
122889,nm2851530
8205,nm0344276
90130,nm0039148
18,nm0004951
8213,nm0730168
65559,nm0783346
65562,nm0341431
29,nm0005494
8224,nm0566680
33,nm0000641
32,nm0000705
8229,nm0001792
1204264,nm3090492
1228841,nm0402742
1286190,nm2208196
49,nm0004742
48,nm0000293
57395,nm0000449
52,nm0001556
53,nm0001780
54,nm0747687
32823,nm0121972
41019,nm0280409
62,nm0000246
65,nm0000453
66,nm0000676
1007683,nm2930503
1048644,nm2497366
1187909,nm0703315
1237062,nm0750764
1622087,nm6119252
65602,nm0691194
16460,nm0114177
24657,nm0001874
8275,nm0292390
57428,nm0484678
85,nm0000136
1278038,nm0807196
98394,nm1649714
16476,nm0236952
1286238,nm3409275
98399,nm0428382
16478,nm0301959
16483,nm0000230
16484,nm0000725
8293,nm0182839
16486,nm0854772
102,nm0001323
98408,nm1271019
73833,nm0954848
108,nm0001392
109,nm0000704
57454,nm1189755
110,nm0001557
112,nm0000949
113,nm0000489
114,nm0089217
8303,nm0138502
172150,nm0542022
122999,nm1675336
16502,nm0400625
123,nm0651614
126,nm0909638
57471,nm0549682
128,nm0101991
196737,nm0022872
32897,nm0878155
131,nm0350453
41091,nm1325419
8329,nm0593664
138,nm0000233
139,nm0000235
8332,nm0390229
141,nm0001016
140,nm0005154
147,nm0000514
1269910,nm0387395
65703,nm0332069
131240,nm0549603
65704,nm0523198
1466540,nm3813298
41139,nm0944003
188600,nm0603417
65731,nm0941777
204997,nm0355632
49349,nm0185987
202,nm0442109
204,nm0000701
8396,nm0001474
8399,nm0265457
49360,nm0193135
8403,nm0002376
82132,nm0694551
82133,nm0002833
82134,nm0309995
82135,nm1859485
82136,nm0954999
82137,nm1922377
82138,nm0332917
32987,nm0727165
82139,nm0371588
82140,nm1349097
82141,nm0220198
65753,nm0764552
188634,nm0192056
57561,nm0131947
32990,nm0860724
32989,nm0370410
228,nm0000438
82149,nm2736817
229,nm0534132
227,nm0000458
57579,nm0740400
237,nm0222593
8432,nm0366179
21215,nm0005264
65782,nm0443486
1155321,nm2062601
590074,nm0439563
565498,nm0147312
1007869,nm0790714
73981,nm0536597
57599,nm0005405
8448,nm0289221
41217,nm0098014
229634,nm0273797
41218,nm0001902
106753,nm1444462
1212688,nm0935589
49425,nm0001272
65811,nm0152313
1196309,nm0124974
286,nm0680595
287,nm0000093
41247,nm0137230
289,nm0000656
290,nm0001626
291,nm0331319
65827,nm0202966
197073,nm0674229
1040679,nm1485940
65831,nm0489436
49458,nm0096613
1515827,nm4421498
16697,nm0291599
16702,nm0365317
229695,nm0444096
321,nm0106835
322,nm0326512
1319235,nm3710855
65859,nm0003355
327,nm0001616
328,nm0005261
57674,nm0891786
57675,nm0754512
123212,nm0718704
49486,nm1013098
335,nm0788335
49487,nm0759898
1089873,nm1357683
16729,nm0454752
349,nm0001277
350,nm0001473
8541,nm0058029
352,nm0371660
1106272,nm4808284
1016168,nm4141252
57707,nm0609184
366,nm0003506
16752,nm0362873
372,nm0001779
16757,nm0000047
377,nm0144025
378,nm0000596
380,nm0000134
90498,nm1256602
33155,nm0347659
388,nm0000980
106886,nm0527991
1221004,nm0317275
16783,nm0381342
49551,nm0942193
400,nm0001036
16787,nm0069893
409,nm0465298
8602,nm0103797
414,nm0088971
418,nm0001598
33192,nm0249291
57770,nm0587920
41386,nm0330565
74159,nm0004332
65974,nm0490614
106935,nm0429760
90553,nm1413209
16828,nm0262635
549310,nm2355933
16830,nm0203246
449,nm0059431
452,nm0553269
41421,nm0607185
8654,nm0000546
16847,nm0744834
1606096,nm5949710
1606097,nm7148103
465,nm0743882
466,nm0860045
468,nm0197636
16851,nm0000982
16848,nm0957772
16855,nm0601553
16849,nm1460251
98775,nm0092216
991706,nm0493600
16850,nm0000535
16858,nm0334179
477,nm0910278
16863,nm0001331
480,nm0507207
16866,nm0000182
139747,nm0693090
33260,nm0005327
500,nm0000129
8693,nm0161980
502,nm0001584
41464,nm1310709
1212921,nm0751966
506,nm0780336
510,nm0000318
1040895,nm3703488
1040896,nm2721926
514,nm0000197
517,nm0000112
518,nm0000362
1507846,nm0569289
1221129,nm0872040
524,nm0000204
1163789,nm1496115
1507854,nm0217751
529,nm0001602
530,nm0005251
534,nm0095478
1278504,nm5390029
16939,nm0866062
229932,nm0267042
16941,nm0100559
57907,nm0206528
1483316,nm4308680
564,nm0000500
41527,nm0320969
569,nm0000160
33337,nm0425053
1278524,nm5392085
33341,nm0742819
49730,nm0104487
8772,nm0768641
49735,nm0318821
8776,nm0314358
585,nm0000442
11514,nm0001573
41547,nm1312338
588,nm0001826
66125,nm0004214
213582,nm1987331
608,nm0594503
90721,nm1932193
613,nm0793585
49766,nm0088744
1237611,nm1292612
967276,nm1105617
17005,nm0427964
622,nm0559444
123503,nm0629425
1434225,nm0539381
33394,nm0448204
74360,nm0820548
74364,nm0238546
1172108,nm5085683
1155724,nm4187130
57997,nm0329511
17039,nm0644406
655,nm0722636
1467025,nm1787678
1467026,nm2406626
658,nm0000547
33430,nm1023127
49815,nm0593734
8854,nm0167850
49818,nm0005283
66203,nm0002160
58019,nm0256121
1114788,nm0056148
677,nm0001953
17064,nm0924210
33450,nm0768936
17067,nm0378932
684,nm0771713
1213105,nm0189755
1516211,nm2979804
17078,nm0806968
66233,nm0253833
17083,nm0273327
131772,nm1514763
467645,nm2933542
197308,nm0370796
17087,nm0601619
1483455,nm2759735
8891,nm0000237
156356,nm0179549
58058,nm0613147
66252,nm0004797
66253,nm0524136
66254,nm0129238
82639,nm1166041
66255,nm1026767
722,nm0000426
723,nm0000664
58068,nm0001217
230100,nm0343459
33501,nm0492924
742,nm0126250
1188584,nm0263102
8937,nm0939795
8944,nm0000130
33521,nm0248063
17140,nm1113550
33528,nm0189200
1278725,nm2506621
1008395,nm0360515
17167,nm0855035
205583,nm0870560
8977,nm0005266
8978,nm0336960
8975,nm0001832
17178,nm0933940
181020,nm0051910
115499,nm0386087
74541,nm1015684
1254189,nm1026414
1418031,nm0236311
9012,nm0001538
9013,nm0571727
824,nm0839486
825,nm0005078
598841,nm1088528
17209,nm0503592
17211,nm0256542
9021,nm0941262
9022,nm0606877
17210,nm0298915
58169,nm0903985
58168,nm0498956
826,nm0000103
9029,nm0001653
9030,nm0628601
74569,nm1703612
1450831,nm1266276
82775,nm0004880
9048,nm0163988
17244,nm0159789
74591,nm0359029
74592,nm0551462
82785,nm0652089
74593,nm0607930
74594,nm0627714
74595,nm0584352
74596,nm0719860
74598,nm0123913
74599,nm0178638
1647462,nm0202862
1344365,nm2154316
879,nm0000671
1393520,nm4527064
58225,nm0302108
74610,nm0810103
1393519,nm2885597
115572,nm3525344
884,nm0000114
17271,nm0746125
886,nm0001209
17273,nm1199811
1229689,nm1495175
882,nm0000239
33654,nm0005227
17276,nm0124930
74623,nm1381100
74624,nm2094392
230275,nm0067845
1229700,nm0641851
17287,nm0922035
17288,nm1055413
17289,nm0763928
33676,nm0005370
33679,nm0941056
213904,nm0174760
33680,nm0441047
17303,nm0005123
920,nm0001638
115609,nm0633507
91034,nm0143935
1008550,nm2632609
9126,nm0002081
1237930,nm1343486
50091,nm0643190
17328,nm0001722
17329,nm1139726
9137,nm0000250
1418163,nm0960869
66488,nm0454242
9146,nm0053887
955,nm0004851
1295292,nm3929259
17343,nm0460694
74688,nm1551130
25540,nm0644897
123846,nm2913275
1459145,nm3125251
140234,nm0090321
973,nm0002076
58319,nm0001462
66515,nm1104057
980,nm0005068
66524,nm1715275
66526,nm1382877
9183,nm0906048
58336,nm0167308
994,nm0007154
123875,nm0430234
9188,nm0175262
1229795,nm0004192
41965,nm0343857
1007,nm0187199
1082358,nm2493443
123895,nm0671992
123896,nm0335523
123897,nm0911719
123898,nm0047815
123899,nm0369541
189433,nm0654267
9210,nm0675114
17403,nm0431918
1328126,nm0717562
17413,nm0575339
1385478,nm3316483
1032,nm0000217
17419,nm0186505
1037,nm0000172
1246221,nm2335221
25616,nm1183149
58399,nm2086012
1062,nm0000502
66599,nm0458462
50217,nm0446672
212,nm0189144
1070,nm0564589
1071,nm0878756
213,nm0004423
1073,nm0036155
25654,nm0000523
9273,nm0010736
1401914,nm4327150
1107002,nm0024893
9277,nm0278125
1086,nm0272224
25663,nm1032473
1088,nm0685598
9281,nm0006969
58435,nm0568362
17477,nm0910040
9291,nm0928795
173133,nm0385376
58448,nm0790715
164945,nm1083404
17490,nm0926086
1229905,nm0923097
17495,nm0000588
1115,nm0334318
1385565,nm0270393
1328223,nm6463103
9312,nm0871393
107616,nm0601844
1126,nm0001425
1279081,nm2649203
1647723,nm0037806
1132,nm0682830
1137,nm0000300
140406,nm1025704
1156221,nm1671304
58501,nm0340039
17543,nm0123974
58507,nm0505949
1164,nm0000719
58516,nm1004025
1173,nm0546797
205976,nm2080328
1475742,nm0037186
582816,nm3158974
66730,nm0545421
66733,nm0575656
1213613,nm0005394
115891,nm0373698
959668,nm0294553
1204,nm0000210
1205,nm0000152
1230008,nm0821400
17604,nm0719637
1426634,nm5846654
1229,nm0000313
1231,nm0000194
1234,nm0005346
91351,nm0405103
132312,nm3526370
1241,nm0001806
66777,nm0002080
17628,nm0935541
173277,nm0805054
1245,nm0424060
1244,nm0001667
1246,nm0607865
17633,nm0551128
17634,nm0724237
1249,nm0934362
50402,nm0755556
17637,nm0004875
17638,nm0766762
66791,nm0384826
17639,nm0729234
17640,nm0592874
17641,nm0269658
17642,nm1129963
17643,nm0616550
17644,nm0770704
17645,nm0926439
1205487,nm0102365
17646,nm0564921
1500398,nm1211326
91378,nm1787887
83187,nm0606541
1205490,nm1642115
1205493,nm2753705
1205494,nm2753709
1205495,nm2753710
9464,nm0502015
107770,nm1145983
107771,nm0275738
83192,nm0322486
1270,nm0001747
582914,nm1440825
1283,nm0000307
1402117,nm0743953
1672464,nm3290049
1672466,nm6718908
1672467,nm2388037
1672468,nm4472978
1672469,nm7592188
1672470,nm5321565
1298,nm0340522
1307,nm0918424
1309,nm0649507
58654,nm0853583
58655,nm0002246
58656,nm0498991
1310,nm0951763
1271074,nm0307097
1311,nm1088153
1327,nm0005212
1328,nm0000276
1329,nm0101710
1330,nm0597480
1331,nm0915989
1332,nm0662164
1333,nm0785227
1339,nm0955471
1341,nm0947447
1451332,nm0760207
1074501,nm0542512
1350,nm0001393
83271,nm1412974
83272,nm0473873
558411,nm4638483
206161,nm0427714
214356,nm0292069
1365,nm0538692
1366,nm1019674
1367,nm0397102
58712,nm0591171
1369,nm0384060
1025370,nm4167739
1371,nm0920992
1370,nm0000374
1213786,nm0000653
1372,nm0881631
9562,nm0005541
17764,nm0001165
1381,nm0633604
91494,nm0162281
9575,nm0000586
9573,nm0005687
1189234,nm0191747
1262963,nm0705794
17782,nm0000538
66934,nm0011374
58744,nm0045209
1066358,nm0306240
75131,nm0003482
17787,nm0492373
17784,nm0410139
1205630,nm0670222
58759,nm1142587
1417,nm0840699
173451,nm0112400
1525141,nm5234483
583061,nm0465959
9626,nm0001800
50589,nm0725975
17832,nm0001303
9642,nm0000179
58803,nm0344010
1461,nm0000123
58806,nm0602496
17866,nm0009016
17871,nm0357453
1490,nm0001926
181719,nm0918838
17881,nm0005403
17883,nm0751102
83423,nm1976541
1926630,nm3957563
50668,nm0051397
58873,nm0283945
1534,nm0254402
1017347,nm4154798
1451543,nm2492243
58909,nm1209226
34336,nm0268923
34339,nm2155388
34340,nm0777408
57301,nm0147603
1578,nm0651660
1579,nm0350454
58924,nm0694066
9778,nm0001084
1287731,nm3044664
165427,nm0397928
50739,nm0144758
9785,nm0182824
58942,nm1080718
206398,nm0127362
1598,nm0820574
1033793,nm0326150
1602,nm0555093
99905,nm0126402
1620,nm0000706
1545506,nm7734417
75355,nm0005385
34398,nm0265067
9824,nm1208167
26209,nm0524240
1639,nm0001833
9832,nm0541932
1009255,nm1875808
1640,nm0001745
140909,nm1018295
1173102,nm0204628
1025647,nm3276023
583278,nm2640881
1646,nm0001424
501362,nm2143891
190067,nm0696559
116341,nm0001051
1295992,nm5360921
67193,nm0423470
943742,nm0363578
1665,nm0550371
83585,nm0056936
18052,nm1997480
1500806,nm1470268
67206,nm0397110
59017,nm0810619
1181329,nm3985937
18066,nm0041411
26259,nm0269923
18070,nm0441588
9880,nm0001731
550554,nm1389891
206493,nm1141576
18082,nm0648249
1689255,nm5446249
1711,nm0188871
165553,nm0628233
26292,nm0233562
34485,nm0000452
1394359,nm2366264
34489,nm0050156
34490,nm0005299
1724,nm0006854
91843,nm0180848
1733,nm0000560
1736,nm0001664
116425,nm1706719
59081,nm0861915
75465,nm0000794
1737,nm0446314
91850,nm0912875
116433,nm0416532
42705,nm0905311
1748,nm0000638
1672921,nm0528311
1181403,nm5177929
1214179,nm0291698
124644,nm3006818
1394406,nm5270502
1771,nm0000610
1772,nm0267506
34544,nm0367176
1296116,nm2879107
1296117,nm2878863
1296118,nm2879982
100085,nm1208004
9976,nm0001794
59129,nm1049982
1672954,nm1211347
1788,nm0583292
1672959,nm0249886
1500929,nm0724855
1793,nm0001544
1672961,nm1211609
50948,nm0000883
18182,nm1385871
214794,nm0874458
9996,nm0923490
9998,nm0806217
59154,nm0005067
1812,nm0931329
157460,nm0167175
1817,nm0004802
116514,nm1441925
50984,nm1127589
50988,nm1887564
223027,nm1390793
1844,nm0001709
231229,nm1476321
18262,nm0726223
51030,nm0088756
26457,nm0000498
26458,nm0932078
1884,nm0001752
1091423,nm1281943
1888,nm0005545
1892,nm0000354
1893,nm0000729
1034086,nm0619507
59238,nm0549815
1897,nm0005170
26473,nm0001770
1189737,nm0790339
18285,nm0261170
18288,nm0005024
935798,nm0313531
1910,nm0000715
59256,nm2012635
223098,nm1949943
223099,nm1962738
1255296,nm4643221
1922,nm0001876
34691,nm0817983
206724,nm1517523
59269,nm0314554
59270,nm1249052
18311,nm0005387
1926,nm0412850
1214345,nm0394126
18324,nm0001872
10132,nm0272173
18325,nm0000562
59287,nm0630524
18328,nm0397432
67482,nm1103398
34721,nm0084114
173995,nm0694100
1206190,nm0304948
75696,nm0211726
133046,nm2166833
968632,nm2761920
1978,nm0812200
550843,nm0647634
1574844,nm7518433
1980,nm0005203
1979,nm0000228
567231,nm0416889
18364,nm0001719
1989,nm0922927
18384,nm0812373
1361876,nm4625680
1214423,nm1872782
231396,nm0502020
1271784,nm0575348
108534,nm0124666
2038,nm0365140
2039,nm0322407
2040,nm0001172
67579,nm0249962
2049,nm0001952
10243,nm0031311
2053,nm0000200
1476623,nm4415419
1230868,nm1840504
10262,nm0275138
67612,nm0837868
18461,nm0157915
67614,nm0681218
2076,nm0001831
26657,nm0051394
34849,nm0001130
26669,nm0725664
239663,nm2448068
2095,nm0003515
149549,nm0852780
182327,nm1546686
10297,nm0000190
32983,nm0569790
2115,nm0001748
34883,nm0469553
182347,nm0811541
108620,nm0907510
5307,nm0364862
1132621,nm2001426
2127,nm1490123
1304661,nm4189049
1304662,nm4575328
198751,nm0073084
116834,nm1222820
2155,nm0000301
84077,nm0552222
2157,nm0000245
84080,nm0018646
2161,nm0384185
1484919,nm5446636
67704,nm0227003
591993,nm0090226
1198202,nm0420201
2169,nm0005052
108668,nm0359534
2171,nm0001162
51329,nm0177896
59522,nm1023349
2178,nm0001845
43142,nm0130477
444552,nm0939606
26760,nm0007139
2192,nm0933727
34970,nm1848205
108700,nm0226326
2209,nm0000957
141474,nm0072847
67759,nm0412588
59568,nm0823507
1214641,nm0791381
2226,nm0001628
2227,nm0000173
157876,nm0793171
1124533,nm1837022
2229,nm0001416
2231,nm0000168
2232,nm0000474
968889,nm3046228
18616,nm0607375
2235,nm0001465
2230,nm0000427
2233,nm0000403
2234,nm0100889
10431,nm0000492
2239,nm0005237
43202,nm1662644
10437,nm0005499
2260,nm0001873
35029,nm1092086
18649,nm0709907
559328,nm0339472
18658,nm0000477
26851,nm0231946
76008,nm1426298
2282,nm0001426
26860,nm0785938
76013,nm0165540
116976,nm0792348
1239283,nm0511478
76021,nm0975225
2293,nm0588340
2295,nm0000620
2294,nm0001675
10486,nm0743304
59637,nm0679917
51452,nm0858077
84225,nm0083655
233294,nm0943709
2310,nm0004486
35085,nm0672422
76046,nm1733231
59662,nm0324790
2320,nm0724995
559376,nm2600072
59673,nm0680489
35107,nm0321420
76070,nm1985859
11863,nm0001264
10539,nm0001375
11866,nm0005045
59702,nm0450193
11867,nm0531095
10556,nm0001406
18750,nm0001711
1001794,nm0962995
1214788,nm0245041
1001799,nm3117334
92488,nm0063910
10580,nm1139632
2395,nm0000155
51547,nm0043041
158050,nm2325735
1239394,nm0620355
18793,nm0001085
1247601,nm0914902
67955,nm0208340
108916,nm1913734
26999,nm0654104
108922,nm0767929
592250,nm0519454
84348,nm0089658
100734,nm1266897
133502,nm0193508
27005,nm0666806
67975,nm1410838
2441,nm0390903
27031,nm0341377
428440,nm1567198
231835,nm1921479
51612,nm0085542
51613,nm0089820
18846,nm0002941
18844,nm0006960
2464,nm0005171
2467,nm0181920
1190319,nm0252138
51636,nm1784515
68024,nm0877193
35257,nm0922367
43454,nm0434968
59839,nm0005544
10687,nm0937714
59841,nm0909768
10690,nm0001593
10694,nm0280245
207304,nm1134945
10697,nm0001086
141770,nm0500614
10698,nm0001409
18897,nm0000329
18899,nm0950759
59860,nm1404408
936403,nm2728757
2517,nm0614220
10713,nm0001385
1296866,nm3140757
10727,nm0001314
2536,nm0662981
84457,nm0629653
2539,nm0237838
1223149,nm0244954
1214957,nm0881914
2545,nm0004744
10742,nm0000159
10746,nm0658244
141823,nm0132896
84481,nm0423111
1133063,nm4158239
1174031,nm0004305
10767,nm0001347
20051,nm0542635
1411603,nm4350371
20052,nm0972848
43547,nm1996829
20053,nm0843059
18972,nm0005194
18976,nm0005110
20054,nm0144187
1411625,nm0741893
150061,nm0242226
20057,nm0265610
18997,nm0397171
19000,nm0469694
2617,nm0786806
1231421,nm0004127
166463,nm0528994
59967,nm0001261
1403457,nm2542232
19011,nm0124133
2632,nm0001674
10826,nm0000183
10827,nm0909384
43596,nm2456350
84556,nm0409850
10828,nm0868219
51797,nm0277213
51798,nm0755267
10839,nm0007237
27226,nm0527261
51803,nm1660138
1346142,nm1010017
59998,nm0572562
10859,nm0005351
19051,nm0776646
10862,nm0700712
10871,nm0005169
68215,nm0399737
2681,nm0461712
60023,nm0899995
2683,nm0687625
2685,nm0005238
27264,nm0445825
51843,nm0462867
199303,nm0833635
51856,nm0278979
2706,nm0353187
2712,nm0000299
101017,nm1053380
10912,nm1200692
51879,nm0341558
60072,nm0668139
60074,nm0307531
10923,nm0850618
576173,nm0808410
19119,nm0491259
19123,nm0521443
27319,nm0910607
35516,nm0381606
76477,nm1753356
10950,nm0831098
10952,nm0225146
76489,nm0999139
19144,nm0001147
150220,nm0622732
19149,nm0001760
51918,nm0005101
10968,nm0382268
35545,nm0333888
1297114,nm4880315
2778,nm0000454
35549,nm0004839
84702,nm0106381
35551,nm0004748
936672,nm1470330
84709,nm0680855
10981,nm0789716
51944,nm0258402
158441,nm0562314
10985,nm0001324
76525,nm0066144
10990,nm0914612
1485552,nm4477795
51957,nm0413996
35581,nm0534543
43774,nm0736263
11007,nm0661917
1215232,nm0135682
19210,nm0004735
35595,nm0004930
92940,nm0797421
1059597,nm3614913
27406,nm0280117
92941,nm0085430
16845,nm0005474
35597,nm0000189
51986,nm1602119
51988,nm0135221
1198869,nm5801651
109337,nm0818281
2842,nm0036261
2841,nm0284315
27422,nm0668271
183073,nm1640326
101154,nm0002040
52004,nm0326063
1133349,nm4456120
27428,nm1093951
2862,nm0882927
52021,nm0939703
84791,nm2429968
11066,nm0001358
174906,nm0220841
1289020,nm3017448
1026877,nm2467078
2876,nm0000369
2882,nm0000178
11076,nm0001383
19274,nm0736622
19275,nm0221902
19277,nm0823693
52053,nm0709070
93015,nm0210584
52054,nm0832043
60252,nm0652783
13604,nm0006563
101221,nm1952213
19302,nm0582939
19303,nm0003620
35689,nm0005540
35690,nm0915465
35692,nm0424688
35693,nm0064556
35694,nm0294997
35696,nm0324970
60277,nm0247456
35701,nm0792156
35705,nm0356021
60281,nm1530021
76670,nm1807170
2945,nm0300866
2947,nm0434133
2948,nm0637602
101257,nm0397599
2955,nm0177933
2957,nm0796502
2959,nm1315378
11151,nm0001024
11155,nm0005048
2965,nm1357069
2966,nm1756030
11159,nm0001507
11160,nm0001803
11161,nm0767741
1231768,nm1412815
35734,nm0783536
11164,nm0000593
35741,nm1010379
2974,nm0950619
1444763,nm1338759
35744,nm0333240
175008,nm0634726
35746,nm0689844
35748,nm0811360
117669,nm0234668
1215399,nm0792263
756648,nm0825630
35751,nm0915460
27562,nm0235389
134061,nm0255130
1854384,nm0441845
1854385,nm0747855
1854386,nm0505760
1854388,nm0123427
1854389,nm0860813
1854390,nm0709381
1854391,nm0479935
35768,nm0004867
35769,nm0557733
1854392,nm0259010
1854393,nm0733492
134076,nm0931477
1854397,nm0578335
1854398,nm2018353
93119,nm0606255
142272,nm1160962
101312,nm0095673
101313,nm0372967
1379268,nm5153722
84932,nm0419650
142276,nm1413364
11207,nm0000667
1461190,nm2188790
76742,nm0935441
2228,nm0000576
232396,nm1796057
35796,nm0563301
3035,nm0005278
3036,nm0000131
60387,nm1263537
3051,nm0001057
3052,nm0341737
125938,nm0539137
76788,nm2353862
3061,nm0000191
240629,nm0413087
3064,nm0611932
3065,nm1380882
109561,nm0791868
76795,nm1404137
68602,nm0742347
68604,nm0847261
68606,nm0517465
19455,nm0132610
68607,nm0356850
68608,nm0438757
93177,nm0743605
936970,nm3400186
11276,nm0683116
11280,nm0587060
35863,nm0498517
1272862,nm4590173
76834,nm0535741
19491,nm0922899
19492,nm0205626
52259,nm0755911
3113,nm0622897
19498,nm1256532
134186,nm0947930
93228,nm0381043
134188,nm0545207
44079,nm0001648
134189,nm0497876
134190,nm1429476
175154,nm0621382
232499,nm1484270
11315,nm0001187
93236,nm1399770
11318,nm0852466
85047,nm2469136
3127,nm0000666
3129,nm0000619
76851,nm0500237
3131,nm0000104
19511,nm0683978
3133,nm0735466
3130,nm0000884
3136,nm0000161
3137,nm0129538
3141,nm0000673
60486,nm0522307
44103,nm0280584
85065,nm1925239
19538,nm1592225
937042,nm0166136
76886,nm2175732
27735,nm0332308
27736,nm0869981
27737,nm0608405
126042,nm1276507
27738,nm0362534
27740,nm0324658
11356,nm0001767
52313,nm1169742
52314,nm0236421
3174,nm0109175
11367,nm0925966
1371242,nm5943634
1363052,nm0174203
1502320,nm6771637
1502321,nm2043794
1502322,nm7468223
1502323,nm4665484
1502324,nm5056722
35953,nm0320703
44149,nm0621046
13660,nm0924179
11379,nm0672546
3192,nm0394119
27762,nm0001519
3196,nm0000496
11390,nm0000564
3201,nm0898546
52358,nm0945026
928905,nm2740002
3211,nm0245653
19595,nm0865807
11405,nm0674303
1281174,nm5173220
3223,nm0000375
93339,nm2061923
93340,nm1821184
93341,nm3091050
3230,nm0521974
3229,nm0397124
60573,nm1665358
76961,nm0065007
3228,nm0003298
3900,nm0730070
52399,nm1284948
52400,nm0551678
52401,nm0361959
85170,nm0133474
52402,nm0131032
52403,nm1285533
52405,nm0001355
52409,nm0478403
208061,nm1080822
52422,nm0217716
3272,nm0068166
77003,nm0640334
11472,nm0005563
937171,nm2918260
11477,nm0000501
109784,nm2398694
3292,nm0396558
109789,nm2378090
3291,nm0000424
183519,nm0823149
1010912,nm0236071
1502431,nm1002209
1502432,nm5261572
1502433,nm2375311
1502434,nm2638532
1502435,nm0843266
1502437,nm4298666
1502438,nm5219130
167145,nm0737276
77033,nm0253068
1502439,nm0171625
1502440,nm6102172
1502445,nm5507287
1502446,nm4914253
1502442,nm6501784
1502444,nm5557500
1502441,nm7254255
1502443,nm3717498
85236,nm1770256
11512,nm0001334
19704,nm0058867
167160,nm0510926
224513,nm1869101
60674,nm0224832
52490,nm0872354
1273117,nm2078681
101666,nm1503726
19754,nm0185272
109869,nm1102891
1371439,nm6620079
109874,nm0535582
1322314,nm5685205
109900,nm0236946
77133,nm0001441
1240398,nm3729877
1084758,nm2286416
3416,nm0000193
27992,nm0951206
36185,nm0211523
3417,nm0001282
27994,nm0007940
36189,nm0776584
11614,nm0796117
1224031,nm0004234
11616,nm0931404
52575,nm0510914
36190,nm0004908
77155,nm0756839
44393,nm0104180
200043,nm1176676
52599,nm0951698
52601,nm0005003
1371518,nm5402906
19839,nm0001601
19840,nm0024622
1445249,nm6297951
1027457,nm2489799
19842,nm0191109
28033,nm0621597
953732,nm0643289
986505,nm1583132
11661,nm0005028
11662,nm0005134
1371536,nm2798882
1371541,nm4430268
118166,nm3542813
118167,nm3189075
118168,nm0368206
150933,nm0573087
19866,nm0133899
142744,nm0090030
1281440,nm0251059
1281441,nm0529147
1281442,nm0213246
1281443,nm0640825
1281445,nm0283497
1281447,nm0134214
1281448,nm0558034
3497,nm0151419
1281449,nm3578142
85419,nm0961185
1281450,nm0312396
101803,nm0493351
1281451,nm0848326
11695,nm0287946
232886,nm0671010
11703,nm0913488
1650119,nm3624617
93639,nm1230678
60875,nm0003861
69068,nm0056593
28109,nm1111968
77266,nm0529098
19923,nm0095017
1650132,nm5541402
1224152,nm0699243
3546,nm0746560
3547,nm0573862
77277,nm1676649
77278,nm1091701
77279,nm0712406
1084896,nm0177505
429541,nm1257480
85484,nm0215682
60908,nm0214501
52718,nm0290075
77292,nm0318409
11770,nm0000118
69122,nm0001287
183814,nm0563070
986632,nm1114974
19976,nm0431451
1216011,nm1022918
60950,nm0005450
11804,nm0924261
60959,nm0864490
11807,nm0522503
44578,nm1506923
20011,nm0452288
11826,nm0004757
3636,nm0000056
20021,nm0387826
52788,nm0482764
52792,nm0748973
1248824,nm0729471
1347131,nm3079422
36422,nm0005561
175690,nm1250510
3663,nm0001471
11856,nm0000358
3664,nm0000928
1404497,nm4468181
28239,nm0878638
11868,nm0859503
101981,nm0521519
11870,nm0004724
20063,nm0317642
20055,nm0038914
20056,nm0020717
216674,nm0166921
20058,nm1019987
20059,nm0717276
20060,nm0530341
175719,nm0748755
159336,nm0566869
44651,nm0241222
11886,nm0005331
36463,nm0777912
3702,nm0771923
126583,nm0312297
1052284,nm1796924
3713,nm0004920
61069,nm0037708
52885,nm0599907
1224342,nm2028579
93848,nm0278747
52889,nm0891943
52888,nm0728795
1486488,nm5555747
143013,nm0593541
1347239,nm4244770
3753,nm0316284
36524,nm0117599
1052339,nm0963201
167604,nm0197453
61109,nm0195982
61110,nm0035488
61114,nm0005532
1216193,nm1589180
20162,nm0001670
1371849,nm4958641
52940,nm1429102
1617613,nm0020594
61134,nm1137209
52943,nm0599393
52946,nm1274545
52947,nm1085727
52948,nm2678196
3799,nm0001850
3801,nm0910145
20186,nm0507073
20187,nm0005179
1404646,nm2132129
1314543,nm3598310
1289968,nm5353321
36594,nm1017334
20212,nm0000551
1691381,nm7290400
134905,nm0262836
36602,nm0000916
20220,nm0711805
52989,nm0006597
28413,nm0034492
134910,nm0730970
12041,nm0005466
20239,nm0001641
69393,nm0665875
20243,nm0004355
12052,nm0000569
1265429,nm0570555
1265430,nm0562802
1265431,nm0259964
1265432,nm0519041
36634,nm0147814
1265433,nm0078480
1265435,nm0108912
1265436,nm0542760
1265437,nm0214246
1265438,nm0626597
3872,nm0117709
1265439,nm0932879
77593,nm0765470
20259,nm0657822
12073,nm0000196
46362,nm1022429
36652,nm0595738
3893,nm0333060
3894,nm0000288
3896,nm0000553
3897,nm0005017
233276,nm3017284
3901,nm0104114
20286,nm1527905
1412927,nm6673560
1412928,nm6673561
1412929,nm6673562
1412930,nm6673563
1380163,nm1129746
36669,nm1670029
937792,nm0876003
1412934,nm1998656
3911,nm0002253
1511242,nm0172439
1412940,nm2107972
1412941,nm6085680
1412942,nm4262886
1412943,nm6581506
1412944,nm6673564
53073,nm1987578
233298,nm0193551
61263,nm1711114
61264,nm0423637
36693,nm0264236
53078,nm1364232
1339220,nm0531821
110425,nm1181180
151385,nm0002810
69465,nm0572965
77659,nm0138509
151386,nm0044472
3934,nm0458460
12133,nm0582418
20329,nm1232416
20330,nm0410942
20331,nm0849100
20332,nm0462006
20333,nm0632761
20334,nm0436639
20335,nm0913880
20336,nm1187058
3953,nm0524342
20337,nm0619403
20338,nm0594271
20339,nm0605281
20340,nm0605662
53117,nm1682420
3972,nm0589505
3977,nm0608012
20363,nm0811562
3981,nm0001280
151438,nm0768350
1470351,nm3848496
3983,nm0705205
1224598,nm1420281
176027,nm0825887
143261,nm2689261
20382,nm0079111
4001,nm0001003
20386,nm0004736
4004,nm0000470
61350,nm0593383
4006,nm0369592
20400,nm1103162
12214,nm0000096
4027,nm0001104
12219,nm0829537
4030,nm0458514
1142720,nm3287038
53184,nm0327779
36804,nm0155093
4038,nm0000215
102352,nm0015443
28633,nm0420955
28635,nm1124997
69597,nm0000106
28637,nm0725200
217055,nm1671147
1216480,nm0386650
28641,nm0000654
28638,nm0462712
77795,nm2239702
28639,nm0001182
28640,nm0788340
12261,nm0000574
87106,nm0103655
69614,nm0520562
69616,nm0435323
4090,nm0000511
45053,nm0339043
20480,nm0597410
995330,nm0240113
4095,nm0507082
53256,nm0187719
978955,nm0306802
20491,nm1089685
20493,nm0688624
20494,nm1057928
20495,nm0001194
20496,nm0235103
20497,nm0004914
86034,nm0629855
20498,nm0002230
20499,nm1943565
20492,nm0480465
20503,nm0608714
20505,nm0557270
20506,nm0957003
1634331,nm0608931
20508,nm0322513
1085469,nm2880249
1462304,nm5344262
4138,nm0001729
4139,nm0000643
102454,nm0492552
45117,nm0138809
45118,nm0632017
36926,nm0827973
4158,nm0005503
1216581,nm0564133
127048,nm1682319
77897,nm0004723
4173,nm0000164
4174,nm0001231
4175,nm0001787
168014,nm0423586
69718,nm0001083
1257565,nm2226071
1511518,nm0483325
1347687,nm0662162
20589,nm0703002
28782,nm0000899
53358,nm0193501
86132,nm2322853
102517,nm2953208
61563,nm1938755
77948,nm1411125
159869,nm0697069
61566,nm0890073
1233026,nm0746442
1380492,nm4266079
20623,nm0538655
1527955,nm6685227
1355923,nm1422549
53402,nm0420732
45210,nm0418877
1527964,nm5877528
4253,nm0689237
4252,nm0001724
127130,nm0640669
37027,nm0854702
1527974,nm7251647
61607,nm0480775
1527976,nm3290674
20647,nm0175726
20652,nm0156444
28846,nm0002907
69807,nm0835045
28848,nm0675730
585902,nm0032370
4273,nm0001250
94387,nm1758782
78018,nm0179680
37058,nm0240359
159948,nm0495023
20686,nm0133459
1085653,nm1795196
86232,nm2377903
553177,nm0224004
553178,nm0699110
12507,nm0209581
553179,nm0855773
94429,nm0907808
553182,nm0312908
553183,nm0666060
94432,nm0553440
37089,nm1185747
553180,nm0145830
553181,nm0608133
553184,nm0145816
28901,nm0883267
553185,nm0034241
553186,nm0514425
553192,nm0616236
553193,nm0700118
553187,nm0345439
553195,nm0655157
553188,nm0104178
553191,nm0347843
28902,nm0927074
94451,nm2216463
53492,nm0403134
1356023,nm0359093
94456,nm0289694
94457,nm0234806
971001,nm4025993
1233146,nm0637992
135420,nm0277525
12543,nm0752527
78080,nm1269983
20739,nm0788202
78084,nm0606628
61705,nm0661974
53515,nm0249622
20753,nm0929609
20754,nm0667574
28950,nm0002059
110877,nm0780428
1569054,nm0425281
1200415,nm1399271
20768,nm0526724
110878,nm0697789
37154,nm1910274
4391,nm0001097
102707,nm0695087
1421637,nm2258450
20810,nm0000613
880,nm0000255
4430,nm0000232
4431,nm0001448
53590,nm0873997
29016,nm0862298
4443,nm0001520
12640,nm0000141
192866,nm0235889
12643,nm0205657
12645,nm0218810
1192314,nm0084722
1413502,nm4504741
4483,nm0000163
12677,nm0730422
1454471,nm4973067
37261,nm1713258
37262,nm0949978
151952,nm0862918
1266065,nm0797985
37268,nm1729294
37270,nm0792431
29078,nm0362738
29082,nm0680274
37276,nm2096617
4512,nm0000249
4513,nm0001527
1290659,nm3656035
70052,nm0689856
192933,nm0500065
29094,nm0045324
520615,nm3762369
4520,nm0001235
4515,nm0001852
1159594,nm0587013
20907,nm0298807
20908,nm0798711
4534,nm0352278
119225,nm0318915
1274297,nm0723651
184770,nm0831812
1397188,nm6119097
1003974,nm1340505
53714,nm1046097
176594,nm0182184
4568,nm0247720
78299,nm0603780
4572,nm0021548
4584,nm0429134
193003,nm0794705
1782252,nm0908446
12781,nm0188396
78324,nm1512166
20982,nm0190744
37366,nm0000304
12793,nm0550452
12799,nm0005315
86527,nm0115198
86528,nm0147083
70146,nm0681920
78341,nm1331735
1511948,nm1013513
1323533,nm4131020
1511951,nm0499824
94740,nm0626566
78360,nm1576785
29214,nm0281945
29216,nm0940342
1544737,nm7549368
1544738,nm6628950
1544739,nm6359236
1544740,nm7391867
1544741,nm7752799
29228,nm0077127
62001,nm0908914
4666,nm0487278
62011,nm0739868
62010,nm0005577
37440,nm0687081
62019,nm0347656
1348164,nm4052890
78407,nm2580087
78408,nm2030828
4687,nm0000099
4688,nm0001650
4690,nm0000686
1544787,nm6604374
4691,nm0001254
1512023,nm2269943
78423,nm1082477
1094233,nm3606871
21083,nm0821436
1176159,nm1304907
21089,nm0339304
78433,nm1218621
12899,nm0001815
12900,nm0001728
1495655,nm1837423
209513,nm0086301
53866,nm0205287
1053291,nm3518466
53867,nm0659949
160361,nm0356698
62066,nm0522324
4726,nm0001315
21113,nm0672060
127612,nm1176867
4732,nm0625126
4735,nm0231283
12929,nm0005280
21125,nm0454236
4742,nm0205581
21127,nm0134072
234120,nm0810337
21131,nm0516266
1274509,nm2619272
979599,nm3354963
4756,nm0000111
1151637,nm1254942
21146,nm0628352
4764,nm0000604
21151,nm0822972
21152,nm0086427
4769,nm0526917
21153,nm0708910
21154,nm0929502
12967,nm0001436
1249962,nm0399738
1094319,nm0656275
4784,nm0000368
12977,nm0948272
4783,nm0000554
78517,nm0925849
12982,nm0134922
78518,nm0207203
12987,nm0001878
4800,nm0001687
12997,nm0321621
21197,nm0000413
1544911,nm4113743
13014,nm0429363
13015,nm0637518
176856,nm0048514
78578,nm0644870
45811,nm1021460
21245,nm0000627
54014,nm0371342
119557,nm1310192
45830,nm0227234
45829,nm0795121
963336,nm0858123
488207,nm2333144
4886,nm0005342
54040,nm0359387
29466,nm0004067
21275,nm0799003
21277,nm0001546
21278,nm0000257
54050,nm0914134
168745,nm0809806
1192759,nm4867258
1192761,nm4123601
21315,nm0000616
21317,nm1698761
21318,nm0174021
21319,nm0600667
21320,nm0364583
95047,nm0574615
21321,nm1640351
4935,nm0000592
4939,nm0000495
1209168,nm4207924
29524,nm0712444
29525,nm0493662
496470,nm3821405
29528,nm0722629
78687,nm0383280
136034,nm0472080
45922,nm0057075
29541,nm0000356
21354,nm0005568
21355,nm0229422
21359,nm0050737
1094512,nm3403310
234352,nm3053338
119665,nm0414423
4976,nm0160452
70522,nm1676089
4987,nm0004898
37756,nm0654077
1151869,nm0678113
938880,nm3398139
938881,nm3207659
938882,nm3493863
938883,nm4261441
4994,nm0410903
21385,nm0802831
86923,nm0930226
21390,nm0322047
1315735,nm2871538
21403,nm0005272
29605,nm0405632
29606,nm0338557
29608,nm0616735
29612,nm1278365
29613,nm2680682
29614,nm2618314
29615,nm0546664
29616,nm0035628
13233,nm0459852
13234,nm0895903
29617,nm0083307
21430,nm0853573
5047,nm0001021
5048,nm0001765
13242,nm0316079
5064,nm0000658
5065,nm0291205
37829,nm0560368
62410,nm0005033
177100,nm0144753
78798,nm0444786
1807327,nm0853024
21474,nm0005462
12410,nm0005019
1561575,nm4205710
54247,nm1683094
119875,nm0159513
1192949,nm4037793
29685,nm0298281
13309,nm0001856
21505,nm0936298
1176581,nm1527475
5128,nm0914058
78862,nm0798014
5140,nm0000127
13333,nm0000603
78871,nm0943104
1332247,nm0256126
78875,nm0465503
5149,nm0001372
111656,nm0717131
21544,nm0764781
111658,nm0657648
128045,nm0556188
5168,nm0000321
1397812,nm2922677
62521,nm0004923
37947,nm0319142
62523,nm0004727
939070,nm1601789
37950,nm0273429
939072,nm3773499
939073,nm3781869
939074,nm3773535
939075,nm1679504
87108,nm0130502
1201220,nm0769544
939076,nm2728996
939077,nm3773618
939078,nm3773507
939079,nm3780707
939080,nm1822634
939081,nm3781787
939082,nm3773575
111693,nm0101997
87118,nm0004729
939083,nm3780842
939084,nm1732375
939085,nm3780505
29774,nm0491357
963669,nm0570690
29783,nm0004890
1496153,nm5064446
21593,nm0004755
21595,nm0004989
21596,nm0002436
37981,nm0110167
87134,nm0011749
128095,nm2267576
5216,nm0001814
87152,nm0159081
1356914,nm1275727
1217651,nm0070235
21620,nm0286759
21624,nm0000555
95353,nm1211443
1651834,nm8021920
1422457,nm0818514
234621,nm3761559
5251,nm0912001
95366,nm1620521
13446,nm0244630
62598,nm0334665
119942,nm0447330
1307787,nm1048635
1225878,nm0922974
54430,nm0173485
13472,nm0000347
1004707,nm0736237
5292,nm0000243
5293,nm0000353
62639,nm1274416
62640,nm0742297
54447,nm0922335
1201328,nm1104283
62644,nm1265067
5306,nm0002120
87227,nm1470260
5308,nm0414608
5309,nm0001132
5310,nm0317884
5311,nm0136563
5312,nm0640560
5313,nm0000565
5314,nm0661311
5315,nm0858284
5316,nm0695461
5317,nm0174983
5318,nm0173868
5319,nm0177267
5320,nm0001989
144578,nm0936001
5322,nm0113360
5323,nm0178243
152780,nm0398366
5325,nm0390970
5324,nm0325455
5326,nm0692921
5329,nm0343222
13525,nm0002023
111830,nm0088502
1668313,nm1472005
111837,nm0943614
5344,nm0000212
29923,nm0465588
1504489,nm0931781
29930,nm0587431
1217771,nm0272527
5357,nm0645164
9206,nm0000117
218356,nm0605943
586998,nm1247855
62711,nm0704520
210169,nm0447353
54525,nm0049371
210175,nm3024380
87297,nm1318578
1070339,nm3004325
5381,nm0787834
5382,nm0792049
5384,nm0541218
1209608,nm0084562
1209609,nm0467955
46347,nm0323065
46348,nm1040337
1209610,nm1684728
87310,nm1247407
87312,nm0662960
1217809,nm0653293
46356,nm0725147
46357,nm0136743
5398,nm0209569
13591,nm0596959
1545496,nm6412766
1545497,nm6394509
1545498,nm7456838
1545499,nm7441180
1545500,nm1019450
1545501,nm0359798
1545502,nm1262164
95519,nm0762191
1545503,nm2182042
1545504,nm7734415
1545505,nm7734416
1381668,nm4184874
1545507,nm1340005
1545508,nm0835349
1545509,nm7734418
1545510,nm0720285
1545511,nm5795914
1545512,nm6481271
1512747,nm1232664
1545513,nm6839803
1545514,nm7734419
1545515,nm1907812
1545516,nm6481270
1545517,nm6464173
70961,nm0825231
1545518,nm5348282
1545519,nm6200419
1545520,nm6814486
1545521,nm6286144
1545523,nm7597669
1545524,nm6972705
1545525,nm7440312
1545526,nm1152611
46393,nm0001683
41784,nm0498731
46394,nm0330917
54601,nm0096176
62797,nm0347657
62800,nm0494999
1078613,nm3354041
79189,nm1197383
30044,nm0004149
5469,nm0000146
5470,nm0000218
5471,nm0004710
1463648,nm5865422
5472,nm0000147
21858,nm0020739
62819,nm0325943
1463652,nm4699715
46433,nm0163863
5473,nm0905554
5474,nm0923610
62824,nm0876683
5480,nm0383533
5475,nm0581378
5476,nm0144875
5477,nm0744599
5478,nm0754125
95598,nm0152452
62831,nm0287182
5479,nm0425132
5481,nm0720082
5482,nm0183557
5483,nm0924360
1176948,nm0954891
5484,nm0339224
5485,nm0951762
5486,nm0028861
21882,nm0821817
5501,nm0001219
5502,nm0638056
5503,nm0000270
5504,nm0630464
71041,nm0946148
5505,nm0940531
79239,nm0760923
62862,nm1144419
62866,nm0410127
21909,nm0155562
1381786,nm4680692
1381787,nm2733641
1127835,nm0537970
1127837,nm0891047
1381798,nm3442411
1381799,nm4050931
1381800,nm4849732
1381801,nm6208628
1381803,nm2291162
62892,nm0851458
1267122,nm1454097
210355,nm2647420
1365437,nm0171015
38334,nm0177639
1643968,nm2947895
947641,nm3191813
62916,nm0797638
521673,nm0095552
5578,nm0000529
62927,nm0522160
21968,nm0842470
175330,nm0711890
62932,nm0740383
1070555,nm1729394
5601,nm0872755
54765,nm1967269
218605,nm0176922
1471993,nm3409165
62970,nm0569416
1471995,nm3467308
1471996,nm3558935
62973,nm1222917
1471997,nm0770429
1471998,nm0686563
46590,nm0891641
1005056,nm0944137
95741,nm0687321
1226245,nm1712435
38407,nm0754513
1480200,nm6096281
5644,nm0487884
5646,nm0230649
54799,nm0714983
38425,nm0005520
5658,nm0002091
5657,nm0001378
22056,nm0441794
562730,nm1572716
22063,nm0289656
1267257,nm0832821
5694,nm0001233
5695,nm0354085
1218128,nm0937514
1095252,nm5009883
79449,nm0111203
5724,nm0001459
22108,nm0000240
5726,nm0147825
13927,nm0934483
1406568,nm6697496
1406570,nm2264658
71278,nm0825569
22127,nm0456454
30318,nm0740500
38524,nm0089937
13950,nm0684521
1103515,nm1115325
1496731,nm5583700
38559,nm0000483
38565,nm0452308
22184,nm0748993
186030,nm0129022
71343,nm0695804
5810,nm0898812
46772,nm0089456
38581,nm0000337
218810,nm0933836
87739,nm1339610
5820,nm0342090
1406674,nm4766571
22227,nm0005221
1406676,nm1060552
5847,nm1269088
1218266,nm0155166
1406685,nm0870211
46814,nm0225460
87773,nm0706787
1406693,nm2734003
1406695,nm1788724
63208,nm0001045
1226471,nm0534380
22252,nm0247579
1242878,nm0605414
126543,nm0930043
63232,nm0083487
1275650,nm3582097
1079042,nm0939213
5894,nm0587884
96007,nm0719736
210697,nm1088446
136973,nm1014989
38673,nm1475594
1136406,nm4043618
5911,nm0042882
5915,nm0454809
5916,nm0206257
22302,nm0180366
87841,nm0882054
1283880,nm1489831
71467,nm0641610
96047,nm3101175
63279,nm0807332
5940,nm0272536
104246,nm0299706
1570632,nm1697030
5960,nm0005316
1455948,nm2571033
63308,nm0881490
55116,nm0152640
120657,nm0406911
145248,nm3616779
1087328,nm0799196
1390442,nm0358610
71552,nm0310966
71554,nm2822739
71562,nm0852076
71570,nm0149491
145299,nm1101713
71580,nm1212722
71584,nm0593395
145320,nm2278056
79792,nm0020751
112562,nm0245696
6066,nm0005231
6091,nm0225944
47053,nm0724843
1374158,nm5195435
55253,nm0472891
55269,nm0110433
38886,nm0556456
440306,nm2290876
30711,nm0518836
30712,nm0342129
30713,nm1289898
30714,nm0948833
137220,nm1338866
153609,nm0604736
55314,nm0253708
6167,nm0002139
38941,nm0836343
38948,nm0752730
38951,nm0146146
6193,nm0000138
6194,nm0000132
14390,nm0594601
14391,nm0408336
14393,nm0168379
1423419,nm5947387
227391,nm0718566
948288,nm0078542
1235008,nm2217601
14405,nm0001073
6213,nm0005085
14409,nm0001710
202830,nm0827429
6223,nm0623235
14416,nm0001332
6238,nm0828980
1284192,nm1668745
1144931,nm2175530
120932,nm2946516
22630,nm0271578
55418,nm0872799
1497211,nm1470334
1087613,nm0298553
227454,nm2539953
6280,nm0000959
6281,nm0043662
1472650,nm0777910
22676,nm0097079
80029,nm1873018
1423519,nm4802218
55466,nm0179479
55467,nm1304386
1505457,nm3265070
202930,nm1190376
1505458,nm3072162
1505459,nm5223443
47283,nm0737216
6326,nm0804361
55484,nm0168753
1046722,nm2871734
1046723,nm2871962
1185989,nm0224325
71882,nm1906168
55499,nm0220600
14544,nm0020897
1071317,nm2185299
71900,nm0001600
71901,nm0007439
80095,nm1393956
47333,nm0920274
1194214,nm0703987
219367,nm1361530
506085,nm3774109
1448168,nm0366977
947267,nm0839331
1271,nm0000412
1272,nm0103071
6407,nm0005420
6413,nm0396812
1440014,nm0881831
6416,nm0908116
170257,nm0604669
80149,nm0388061
1349911,nm2276729
22815,nm0860315
6431,nm0004716
6433,nm0914615
1243426,nm1286491
6443,nm0589628
555311,nm3067972
129333,nm0925803
55611,nm1122978
55615,nm1177914
6468,nm0917059
1374534,nm5105119
1808714,nm8327327
6474,nm0001457
1366350,nm0531788
6485,nm0005354
55638,nm0366389
72024,nm0002700
104795,nm0665473
31070,nm0641939
1268071,nm3554130
104807,nm0147602
219496,nm0940105
1808750,nm6959350
14702,nm0001550
1317234,nm0240935
14707,nm0466579
80246,nm0625482
1808764,nm7491674
932220,nm1132283
47486,nm0806772
932225,nm2000631
932226,nm2000856
932227,nm0409005
80264,nm0724483
6542,nm0005002
1808784,nm5333438
1808785,nm7142268
1268114,nm4577760
6541,nm0097842
154004,nm0896149
1808793,nm4273216
588186,nm4368989
31135,nm0930892
6573,nm0006669
55725,nm0871430
6575,nm0004743
6580,nm0508742
39353,nm0479526
1120699,nm3813115
96699,nm0861037
6587,nm0002663
178622,nm0863130
1423809,nm5891887
14797,nm0731286
31187,nm0228324
6613,nm0000378
6614,nm0369513
6615,nm0585906
6616,nm0538259
6617,nm0565494
6618,nm0580436
6619,nm0820538
80348,nm0301874
6620,nm0528546
6621,nm0913418
6622,nm0108683
6624,nm0330335
6623,nm0006710
6625,nm0035917
14812,nm0603402
14833,nm0332390
80374,nm0848377
203263,nm0809882
47615,nm0001216
47627,nm0005216
72205,nm0075849
72206,nm0700301
72208,nm1006024
72209,nm1163710
236053,nm1107245
96791,nm1739645
1202712,nm1502654
47643,nm0700059
1489436,nm5499902
6684,nm0001223
203294,nm1705724
129571,nm0765006
14887,nm0175916
39464,nm0853231
14905,nm0787825
6713,nm0474138
64058,nm0255891
1006144,nm2002316
6721,nm0001453
6729,nm0000914
6734,nm0205772
6736,nm0000097
1456723,nm4355757
1653331,nm0029357
129625,nm0764318
1229022,nm0743925
1383010,nm1655017
55908,nm0228533
6758,nm0428438
47720,nm2235721
1276527,nm1095938
39545,nm0853079
162429,nm0352901
47742,nm0391600
31362,nm0092026
1235591,nm0132844
64136,nm1130728
55948,nm0000647
23182,nm1432815
146065,nm1101058
6804,nm0001295
6807,nm0005377
105114,nm0865573
965278,nm0572867
15009,nm0857620
1129140,nm3072577
15029,nm0170186
1104568,nm1499462
15033,nm0519043
121529,nm2244205
23227,nm1140275
6856,nm0000621
6857,nm0057150
6861,nm0105672
6862,nm0135585
64211,nm0451076
1506014,nm7533173
1506015,nm7533174
1506016,nm3191111
1506017,nm7391033
15070,nm0286010
6885,nm0000234
6886,nm0000207
80615,nm0421188
39658,nm1020089
56045,nm0205127
177219,nm0443004
47859,nm0395448
15094,nm0448712
23286,nm2374829
1080056,nm1366553
6905,nm0001136
6908,nm0531333
39678,nm0012683
6913,nm0000289
301826,nm0382516
162564,nm1268419
47879,nm0001698
23310,nm0859476
105236,nm1362415
31511,nm0381416
31514,nm0414907
23324,nm0773146
6941,nm0000139
15134,nm0636537
6944,nm0818055
6951,nm0114868
1162029,nm2331759
6957,nm0005468
31535,nm0564350
113461,nm1775466
1030966,nm0901822
6968,nm0413168
47930,nm0149616
1375035,nm2552460
6985,nm1561546
129868,nm0263625
64342,nm0732497
1276759,nm0446622
56152,nm0001863
7002,nm0456186
15196,nm0376101
7026,nm0406975
121718,nm0131966
7030,nm0329094
1325945,nm1294178
170880,nm0355711
15234,nm0000274
23430,nm0067457
1547148,nm3897067
80780,nm0709598
15244,nm0472567
7056,nm0000668
7058,nm0550994
97170,nm0533920
154520,nm0313530
23459,nm1092227
31663,nm2356421
203696,nm0247351
72624,nm0241090
1219510,nm0930533
23485,nm0686887
72638,nm0504832
1194944,nm0428122
1129413,nm4692308
56262,nm1378320
1080265,nm0258117
61658,nm0750019
129996,nm0925717
7130,nm0018735
7131,nm0438989
7132,nm0000352
31710,nm0387674
105440,nm0741192
7138,nm0742610
31717,nm0005064
1539045,nm1940736
23532,nm0000867
97260,nm0024425
15344,nm0009190
121845,nm1604339
121847,nm1595050
121848,nm3775121
7161,nm1031014
121851,nm6439717
31737,nm1275283
121853,nm0656707
121854,nm0514569
121855,nm0592684
1178622,nm0532068
72705,nm0574436
7164,nm0898634
138240,nm0775087
138242,nm0291830
56326,nm0582108
72714,nm0258627
1408011,nm5176624
7181,nm0919154
1219597,nm0641389
15377,nm0120235
1432598,nm3485076
15385,nm0885098
105499,nm0087245
39992,nm0263236
39994,nm1210944
39995,nm0148418
15424,nm0890232
23626,nm0000630
1367114,nm0210533
23629,nm0641168
1309774,nm2106870
23630,nm0026879
1358928,nm1862555
7248,nm0193295
15441,nm0000815
302165,nm0334441
1629275,nm4461700
1047643,nm1273657
23648,nm0055733
31841,nm0776580
40036,nm0378245
7268,nm0001611
236647,nm1663883
932967,nm0991810
89193,nm0893872
23658,nm0777059
23659,nm0002071
1227885,nm0909608
7277,nm0933447
1039477,nm0895477
105595,nm0004878
572541,nm2655177
1539215,nm4969183
1539216,nm6916321
1539217,nm7603308
1408146,nm3822586
89239,nm2147477
23709,nm0687506
72861,nm0005371
31903,nm0001857
146598,nm2436587
64680,nm0017167
72873,nm0836121
130227,nm1926948
15557,nm0174374
15566,nm0495095
15576,nm0532193
154841,nm0568777
23776,nm0455057
81125,nm1616970
7399,nm0001774
7406,nm0825790
1137903,nm0853374
212208,nm2357847
1473776,nm1360283
1654004,nm7377921
113908,nm0244443
56566,nm0751720
56567,nm0005457
7420,nm0001213
56576,nm0405337
64775,nm0900053
154888,nm1083077
7431,nm0954225
1080589,nm3267061
40206,nm0709704
97551,nm0669212
23824,nm0802081
1637653,nm4312346
1854399,nm0786105
113948,nm1067699
72988,nm1501093
32035,nm0696299
7467,nm0000399
15661,nm0397212
7470,nm0001533
64815,nm0410769
7472,nm0037118
15675,nm0254362
73020,nm0839938
73021,nm0046020
138560,nm0461025
171329,nm0177125
138561,nm0397520
138562,nm0333802
204100,nm0045480
138563,nm0913264
138564,nm3175392
81225,nm1435800
7497,nm0564697
154954,nm0219324
1424716,nm3293813
7499,nm0001467
40271,nm0329422
73040,nm0103208
40273,nm0143187
40275,nm0347375
40276,nm0235427
97619,nm0001643
965987,nm0875736
392547,nm0870962
1178981,nm0131994
114026,nm0064375
105835,nm0580005
7531,nm0717518
138606,nm0317315
138608,nm2281637
138609,nm2751321
138610,nm0854757
138611,nm0569126
138612,nm3208233
138613,nm2125788
15735,nm0000545
122231,nm0595485
15739,nm0421105
23931,nm0000227
941439,nm0855092
105864,nm0840096
15756,nm0922919
64908,nm0004986
15758,nm0001451
81295,nm0922342
56731,nm0004695
23975,nm0307600
56745,nm0200752
56746,nm0817770
56747,nm0514655
15789,nm0513281
122287,nm1682747
1244595,nm0772003
1039796,nm2439800
15801,nm0821466
1367499,nm0733162
32205,nm0281956
1228239,nm0510586
7633,nm0000558
237020,nm3789989
916958,nm1783541
179688,nm0950403
65002,nm0001127
15852,nm0000171
24045,nm0330687
1121786,nm3843467
24061,nm0367265
40462,nm0068338
32278,nm0716257
15899,nm0507338
65054,nm0090674
15903,nm0137506
15906,nm0394564
56871,nm0005516
515628,nm3733763
15917,nm0733625
122416,nm0735270
56890,nm0000532
1367617,nm5754425
56902,nm0936762
56903,nm0605079
155209,nm1285162
1228362,nm3313477
114253,nm1375030
1162831,nm3055497
130640,nm2794962
1285715,nm2591562
97878,nm0528433
40541,nm0224331
1670760,nm7471295
32363,nm0261678
188013,nm1837588
65133,nm1048560
147054,nm0218712
163438,nm0468967
73336,nm1974397
7803,nm0075321
56960,nm0024925
1367680,nm0648874
97925,nm1570245
24198,nm0240043
97927,nm1138242
278152,nm0117673
179851,nm0397940
65171,nm0660986
16021,nm0099054
1236639,nm0461730
73381,nm0774386
1293994,nm1218281
7863,nm0001987
48828,nm0251462
1121984,nm2222628
65225,nm2014390
1179344,nm0077718
40656,nm1097354
147156,nm0036907
163544,nm0687692
57049,nm1003922
40665,nm0404332
1367771,nm0422211
147165,nm0142025
89822,nm3095562
7904,nm0000345
32486,nm0005300
89838,nm0671984
1081074,nm0183037
73460,nm1314116
65272,nm0469660
106243,nm1371977
40718,nm0512050
81681,nm0641354
57108,nm0713378
81685,nm0342029
237345,nm0025181
65314,nm0868153
98084,nm0046412
40742,nm2079653
98087,nm0808917
98089,nm0177893
98090,nm0026469
941867,nm4391997
98091,nm0441688
98092,nm0266828
98093,nm0186879
98095,nm0463583
57136,nm0581365
98096,nm0319102
98098,nm0752719
98101,nm0357464
1195834,nm0125637
24381,nm0946179
171841,nm0858858
81730,nm0287164
57155,nm0816105
589651,nm1571439
32597,nm0001518
237405,nm3078932
212833,nm1764351
106350,nm0147794
130936,nm0312454
49018,nm0354198
999301,nm2856538
81801,nm1682412
57225,nm0562598
32652,nm0032009
49055,nm0475365
49056,nm0943487
16296,nm0102508
65471,nm0476906
1531843,nm1932295
65475,nm0005388
16327,nm0000459
114634,nm0212278
1392592,nm2779780
1392596,nm2042898
1392597,nm0806875
1392598,nm2753698
1392599,nm0200420
1392600,nm2079143
1392601,nm1265096
1392602,nm2869677
1228761,nm0030836
1392604,nm0262817
1392605,nm1392716
1392606,nm2326120
1392607,nm2121280
98272,nm1821410
1392608,nm2872072
1392610,nm1382124
98275,nm0277355
1392612,nm2872215
73700,nm0385076
565222,nm2254636
98285,nm2254074
933875,nm0661775
933876,nm2381447
147446,nm1504980
933883,nm0583534
